customer_id,signup_date,region,segment,plan_tier,is_churned
CUST-0001,2025-11-24,South India,SMB,Basic,1
CUST-0002,2025-02-22,West India,Consumer,Basic,1
CUST-0003,2025-04-22,South India,SMB,Professional,0
CUST-0004,2025-12-26,West India,Mid-Market,Professional,0
CUST-0005,2025-01-04,North India,Mid-Market,Basic,1
CUST-0006,2025-04-21,East India,Mid-Market,Basic,1
CUST-0007,2025-06-26,West India,Consumer,Professional,0
CUST-0008,2025-07-13,South India,Mid-Market,Professional,0
CUST-0009,2025-07-05,West India,SMB,Basic,1
CUST-0010,2025-05-29,East India,Consumer,Enterprise,0
CUST-0011,2025-08-21,West India,Mid-Market,Basic,1
CUST-0012,2025-05-17,North India,SMB,Basic,0
CUST-0013,2025-05-06,South India,Mid-Market,Enterprise,0
CUST-0014,2025-10-13,South India,Mid-Market,Professional,1
CUST-0015,2025-01-17,North India,SMB,Basic,0
CUST-0016,2025-06-11,South India,SMB,Enterprise,0
CUST-0017,2025-03-15,South India,Mid-Market,Professional,0
CUST-0018,2025-10-27,West India,SMB,Basic,0
CUST-0019,2025-09-10,South India,Enterprise,Basic,0
CUST-0020,2025-08-05,West India,Mid-Market,Professional,0
CUST-0021,2025-05-09,East India,Consumer,Basic,0
CUST-0022,2025-10-02,North India,SMB,Basic,0
CUST-0023,2025-01-02,East India,Consumer,Basic,0
CUST-0024,2025-02-24,North India,Mid-Market,Professional,0
CUST-0025,2025-03-20,South India,Mid-Market,Enterprise,0
CUST-0026,2025-01-01,West India,SMB,Basic,0
CUST-0027,2025-06-07,South India,Mid-Market,Professional,1
CUST-0028,2025-09-06,North India,Consumer,Professional,0
CUST-0029,2025-12-04,West India,SMB,Basic,0
CUST-0030,2025-04-19,East India,SMB,Professional,0
CUST-0031,2025-07-24,East India,SMB,Basic,0
CUST-0032,2025-04-26,South India,Enterprise,Professional,0
CUST-0033,2025-01-04,South India,SMB,Basic,0
CUST-0034,2025-02-06,West India,Mid-Market,Professional,0
CUST-0035,2025-10-20,West India,Mid-Market,Professional,0
CUST-0036,2025-02-18,South India,SMB,Basic,0
CUST-0037,2025-12-11,West India,SMB,Basic,0
CUST-0038,2025-02-25,South India,Mid-Market,Basic,0
CUST-0039,2025-05-08,North India,Enterprise,Enterprise,0
CUST-0040,2025-02-20,South India,Consumer,Enterprise,0
CUST-0041,2025-05-02,South India,SMB,Basic,1
CUST-0042,2025-07-14,South India,Mid-Market,Enterprise,0
CUST-0043,2025-05-27,West India,Consumer,Enterprise,0
CUST-0044,2025-09-07,South India,Mid-Market,Enterprise,0
CUST-0045,2025-10-05,South India,Mid-Market,Basic,0
CUST-0046,2025-09-29,South India,Consumer,Basic,1
CUST-0047,2025-11-01,South India,Consumer,Basic,0
CUST-0048,2025-10-24,West India,SMB,Basic,0
CUST-0049,2025-05-14,South India,SMB,Basic,0
CUST-0050,2025-06-03,West India,Consumer,Enterprise,1
CUST-0051,2025-11-15,East India,Consumer,Basic,1
CUST-0052,2025-05-16,South India,Mid-Market,Basic,1
CUST-0053,2025-05-26,South India,Consumer,Professional,0
CUST-0054,2025-12-01,West India,SMB,Professional,0
CUST-0055,2025-02-23,East India,Enterprise,Basic,1
CUST-0056,2025-10-11,South India,Mid-Market,Basic,0
CUST-0057,2025-05-16,West India,Mid-Market,Enterprise,1
CUST-0058,2025-11-21,West India,Mid-Market,Basic,0
CUST-0059,2025-05-15,South India,SMB,Professional,0
CUST-0060,2025-02-27,South India,Consumer,Enterprise,0
CUST-0061,2025-07-09,West India,Enterprise,Basic,0
CUST-0062,2025-01-21,North India,Mid-Market,Basic,1
CUST-0063,2025-10-14,North India,SMB,Professional,0
CUST-0064,2025-05-02,North India,Consumer,Enterprise,0
CUST-0065,2025-01-13,South India,Consumer,Professional,0
CUST-0066,2025-12-09,North India,Consumer,Basic,1
CUST-0067,2025-01-20,North India,Mid-Market,Enterprise,0
CUST-0068,2025-06-06,North India,Consumer,Basic,0
CUST-0069,2025-05-23,North India,Consumer,Basic,0
CUST-0070,2025-10-02,South India,Enterprise,Enterprise,0
CUST-0071,2025-10-25,East India,Mid-Market,Basic,0
CUST-0072,2025-06-10,West India,Consumer,Basic,0
CUST-0073,2025-01-23,North India,Enterprise,Enterprise,0
CUST-0074,2025-12-10,South India,SMB,Enterprise,0
CUST-0075,2025-11-16,South India,Consumer,Professional,0
CUST-0076,2025-06-08,West India,Mid-Market,Professional,0
CUST-0077,2025-04-09,West India,Consumer,Professional,0
CUST-0078,2025-11-12,West India,SMB,Enterprise,0
CUST-0079,2025-04-18,West India,SMB,Professional,0
CUST-0080,2025-08-15,West India,SMB,Professional,0
CUST-0081,2025-03-28,West India,Mid-Market,Professional,0
CUST-0082,2025-02-17,North India,SMB,Professional,0
CUST-0083,2025-04-12,South India,Enterprise,Enterprise,0
CUST-0084,2025-02-07,West India,Consumer,Professional,0
CUST-0085,2025-07-16,West India,Mid-Market,Professional,1
CUST-0086,2025-02-24,North India,Mid-Market,Enterprise,0
CUST-0087,2025-08-26,South India,Mid-Market,Enterprise,0
CUST-0088,2025-08-26,West India,Consumer,Professional,0
CUST-0089,2025-08-15,West India,SMB,Professional,0
CUST-0090,2025-10-08,West India,Mid-Market,Enterprise,0
CUST-0091,2025-05-07,North India,Mid-Market,Professional,0
CUST-0092,2025-05-03,South India,Enterprise,Basic,1
CUST-0093,2025-06-13,North India,Enterprise,Basic,0
CUST-0094,2025-04-20,South India,SMB,Professional,0
CUST-0095,2025-04-16,North India,Mid-Market,Professional,0
CUST-0096,2025-01-11,North India,SMB,Basic,1
CUST-0097,2025-06-30,South India,Mid-Market,Enterprise,0
CUST-0098,2025-10-03,North India,SMB,Professional,0
CUST-0099,2025-04-23,South India,SMB,Basic,0
CUST-0100,2025-03-26,North India,Consumer,Enterprise,0
CUST-0101,2025-07-21,West India,SMB,Basic,0
CUST-0102,2025-04-04,South India,Mid-Market,Basic,0
CUST-0103,2025-07-14,South India,Consumer,Basic,0
CUST-0104,2025-10-04,South India,Consumer,Basic,1
CUST-0105,2025-11-30,South India,Enterprise,Basic,0
CUST-0106,2025-05-03,South India,SMB,Professional,0
CUST-0107,2025-12-25,South India,Mid-Market,Professional,0
CUST-0108,2025-02-28,North India,Mid-Market,Basic,0
CUST-0109,2025-10-22,West India,Consumer,Basic,1
CUST-0110,2025-12-20,North India,Mid-Market,Professional,0
CUST-0111,2025-12-17,West India,Enterprise,Enterprise,0
CUST-0112,2025-06-27,West India,SMB,Basic,1
CUST-0113,2025-08-04,North India,Enterprise,Enterprise,0
CUST-0114,2025-08-24,North India,SMB,Professional,0
CUST-0115,2025-05-19,West India,Consumer,Professional,0
CUST-0116,2025-10-31,South India,Consumer,Enterprise,1
CUST-0117,2025-08-19,South India,SMB,Professional,0
CUST-0118,2025-01-15,West India,Mid-Market,Professional,0
CUST-0119,2025-05-13,South India,Consumer,Professional,0
CUST-0120,2025-01-06,West India,Mid-Market,Basic,0
CUST-0121,2025-05-04,West India,SMB,Professional,0
CUST-0122,2025-02-17,South India,SMB,Basic,0
CUST-0123,2025-10-11,West India,SMB,Professional,0
CUST-0124,2025-12-26,West India,Mid-Market,Basic,0
CUST-0125,2025-10-02,East India,SMB,Basic,0
CUST-0126,2025-10-29,East India,SMB,Basic,1
CUST-0127,2025-04-10,South India,Mid-Market,Basic,0
CUST-0128,2025-01-24,East India,SMB,Professional,0
CUST-0129,2025-09-09,South India,Enterprise,Basic,0
CUST-0130,2025-01-27,South India,Consumer,Basic,1
CUST-0131,2025-09-09,South India,SMB,Basic,1
CUST-0132,2025-10-16,East India,Enterprise,Basic,0
CUST-0133,2025-11-02,North India,Mid-Market,Professional,0
CUST-0134,2025-08-15,South India,SMB,Basic,1
CUST-0135,2025-02-20,East India,Mid-Market,Basic,0
CUST-0136,2025-03-30,West India,Mid-Market,Basic,0
CUST-0137,2025-01-17,South India,SMB,Professional,0
CUST-0138,2025-12-18,South India,Mid-Market,Professional,0
CUST-0139,2025-04-12,West India,SMB,Professional,0
CUST-0140,2025-03-14,South India,Mid-Market,Basic,0
CUST-0141,2025-05-28,West India,SMB,Basic,0
CUST-0142,2025-10-04,West India,Enterprise,Basic,0
CUST-0143,2025-05-09,South India,Mid-Market,Professional,0
CUST-0144,2025-10-28,East India,Consumer,Professional,0
CUST-0145,2025-01-21,North India,Mid-Market,Professional,0
CUST-0146,2025-05-23,South India,SMB,Professional,0
CUST-0147,2025-02-16,West India,SMB,Basic,1
CUST-0148,2025-03-24,South India,SMB,Basic,0
CUST-0149,2025-10-09,South India,Enterprise,Basic,1
CUST-0150,2025-07-26,North India,Consumer,Basic,0
CUST-0151,2025-01-28,South India,Mid-Market,Professional,0
CUST-0152,2025-01-27,South India,SMB,Enterprise,0
CUST-0153,2025-12-24,West India,Enterprise,Professional,0
CUST-0154,2025-12-30,South India,SMB,Professional,1
CUST-0155,2025-02-28,West India,Enterprise,Enterprise,0
CUST-0156,2025-05-30,West India,Mid-Market,Enterprise,0
CUST-0157,2025-05-05,West India,Enterprise,Basic,0
CUST-0158,2025-03-11,North India,Mid-Market,Professional,0
CUST-0159,2025-09-17,South India,Enterprise,Professional,0
CUST-0160,2025-10-24,East India,SMB,Basic,0
CUST-0161,2025-10-10,North India,Mid-Market,Enterprise,0
CUST-0162,2025-12-24,South India,Mid-Market,Enterprise,0
CUST-0163,2025-06-12,North India,SMB,Enterprise,0
CUST-0164,2025-12-06,North India,SMB,Basic,0
CUST-0165,2025-10-30,South India,Enterprise,Enterprise,1
CUST-0166,2025-08-22,South India,Enterprise,Enterprise,0
CUST-0167,2025-02-08,West India,Consumer,Basic,0
CUST-0168,2025-06-18,North India,Consumer,Basic,0
CUST-0169,2025-09-07,North India,Enterprise,Basic,0
CUST-0170,2025-04-27,North India,SMB,Basic,0
CUST-0171,2025-08-16,South India,Mid-Market,Basic,1
CUST-0172,2025-07-03,South India,Enterprise,Professional,0
CUST-0173,2025-04-03,South India,Enterprise,Enterprise,0
CUST-0174,2025-05-04,West India,SMB,Basic,0
CUST-0175,2025-12-08,South India,Consumer,Enterprise,0
CUST-0176,2025-03-22,South India,Consumer,Enterprise,0
CUST-0177,2025-08-06,West India,SMB,Basic,0
CUST-0178,2025-02-24,South India,SMB,Professional,0
CUST-0179,2025-06-01,South India,Consumer,Basic,1
CUST-0180,2025-12-18,North India,Consumer,Enterprise,0
CUST-0181,2025-05-27,North India,Mid-Market,Enterprise,0
CUST-0182,2025-04-08,West India,SMB,Professional,0
CUST-0183,2025-03-12,West India,Consumer,Professional,0
CUST-0184,2025-08-14,South India,Mid-Market,Basic,0
CUST-0185,2025-08-01,South India,Enterprise,Professional,0
CUST-0186,2025-09-29,West India,Mid-Market,Basic,0
CUST-0187,2025-06-01,North India,Mid-Market,Basic,0
CUST-0188,2025-04-26,North India,SMB,Enterprise,0
CUST-0189,2025-10-13,South India,SMB,Basic,0
CUST-0190,2025-12-11,North India,Mid-Market,Basic,0
CUST-0191,2025-12-12,South India,Enterprise,Enterprise,0
CUST-0192,2025-11-09,South India,Enterprise,Enterprise,0
CUST-0193,2025-06-04,West India,Enterprise,Basic,1
CUST-0194,2025-09-10,South India,Mid-Market,Professional,0
CUST-0195,2025-07-09,West India,SMB,Enterprise,0
CUST-0196,2025-03-21,North India,SMB,Enterprise,0
CUST-0197,2025-05-24,South India,Mid-Market,Basic,0
CUST-0198,2025-02-20,East India,Mid-Market,Enterprise,0
CUST-0199,2025-02-01,South India,Mid-Market,Basic,0
CUST-0200,2025-12-06,South India,SMB,Enterprise,1
CUST-0201,2025-06-20,South India,Enterprise,Professional,1
CUST-0202,2025-10-11,South India,Mid-Market,Enterprise,0
CUST-0203,2025-03-17,North India,SMB,Basic,0
CUST-0204,2025-10-04,South India,Mid-Market,Professional,1
CUST-0205,2025-01-08,South India,SMB,Professional,1
CUST-0206,2025-05-16,South India,SMB,Professional,0
CUST-0207,2025-09-01,West India,Mid-Market,Professional,0
CUST-0208,2025-04-24,East India,Enterprise,Professional,0
CUST-0209,2025-09-24,South India,SMB,Basic,0
CUST-0210,2025-08-07,West India,SMB,Enterprise,1
CUST-0211,2025-02-11,South India,Enterprise,Basic,0
CUST-0212,2025-12-31,South India,Consumer,Professional,0
CUST-0213,2025-11-06,West India,SMB,Basic,0
CUST-0214,2025-10-10,North India,Mid-Market,Professional,0
CUST-0215,2025-06-23,North India,Mid-Market,Professional,0
CUST-0216,2025-06-10,West India,Mid-Market,Basic,1
CUST-0217,2025-02-13,South India,Enterprise,Professional,0
CUST-0218,2025-10-12,South India,Consumer,Professional,0
CUST-0219,2025-07-30,South India,SMB,Professional,0
CUST-0220,2025-01-27,East India,SMB,Basic,0
CUST-0221,2025-12-03,West India,Consumer,Basic,0
CUST-0222,2025-05-23,West India,Consumer,Enterprise,0
CUST-0223,2025-11-15,West India,SMB,Basic,0
CUST-0224,2025-05-17,South India,Mid-Market,Professional,0
CUST-0225,2025-06-29,South India,Consumer,Professional,0
CUST-0226,2025-03-14,North India,Consumer,Basic,0
CUST-0227,2025-08-21,South India,Mid-Market,Professional,0
CUST-0228,2025-10-18,West India,Consumer,Basic,1
CUST-0229,2025-02-11,South India,SMB,Professional,0
CUST-0230,2025-05-20,South India,SMB,Basic,1
CUST-0231,2025-12-14,West India,SMB,Professional,1
CUST-0232,2025-07-22,East India,Enterprise,Basic,0
CUST-0233,2025-05-11,South India,Enterprise,Professional,0
CUST-0234,2025-03-08,South India,SMB,Professional,0
CUST-0235,2025-07-01,South India,Consumer,Basic,1
CUST-0236,2025-02-09,North India,SMB,Professional,0
CUST-0237,2025-08-02,South India,SMB,Enterprise,0
CUST-0238,2025-11-13,West India,SMB,Basic,1
CUST-0239,2025-08-12,West India,SMB,Basic,0
CUST-0240,2025-06-20,North India,Enterprise,Professional,0
CUST-0241,2025-04-10,East India,Mid-Market,Professional,0
CUST-0242,2025-03-17,South India,Enterprise,Basic,0
CUST-0243,2025-12-02,South India,Consumer,Professional,0
CUST-0244,2025-10-16,North India,SMB,Enterprise,0
CUST-0245,2025-11-22,East India,Mid-Market,Enterprise,0
CUST-0246,2025-08-14,South India,SMB,Basic,1
CUST-0247,2025-01-29,South India,Enterprise,Professional,1
CUST-0248,2025-07-08,North India,Enterprise,Enterprise,0
CUST-0249,2025-11-11,West India,Mid-Market,Professional,0
CUST-0250,2025-01-22,West India,Consumer,Professional,0
CUST-0251,2025-09-01,West India,Consumer,Professional,0
CUST-0252,2025-06-25,East India,Enterprise,Professional,1
CUST-0253,2025-12-29,West India,SMB,Professional,0
CUST-0254,2025-07-10,East India,Mid-Market,Professional,0
CUST-0255,2025-01-27,North India,SMB,Basic,1
CUST-0256,2025-12-14,South India,Mid-Market,Enterprise,0
CUST-0257,2025-11-05,North India,Mid-Market,Professional,0
CUST-0258,2025-06-29,South India,SMB,Professional,0
CUST-0259,2025-12-29,East India,Mid-Market,Basic,0
CUST-0260,2025-12-10,North India,Consumer,Enterprise,0
CUST-0261,2025-02-17,West India,SMB,Basic,0
CUST-0262,2025-04-20,South India,SMB,Basic,0
CUST-0263,2025-06-01,North India,Enterprise,Professional,0
CUST-0264,2025-09-27,South India,Mid-Market,Professional,0
CUST-0265,2025-07-12,South India,Mid-Market,Professional,0
CUST-0266,2025-03-26,North India,Enterprise,Basic,0
CUST-0267,2025-11-09,South India,SMB,Basic,0
CUST-0268,2025-08-29,East India,Mid-Market,Professional,0
CUST-0269,2025-08-14,West India,Mid-Market,Basic,0
CUST-0270,2025-04-13,North India,Enterprise,Basic,0
CUST-0271,2025-10-11,East India,SMB,Professional,0
CUST-0272,2025-02-12,North India,Mid-Market,Enterprise,0
CUST-0273,2025-08-12,South India,Consumer,Enterprise,0
CUST-0274,2025-01-14,West India,Mid-Market,Basic,1
CUST-0275,2025-04-25,South India,Consumer,Enterprise,0
CUST-0276,2025-03-16,South India,Mid-Market,Enterprise,0
CUST-0277,2025-03-13,North India,SMB,Professional,0
CUST-0278,2025-01-10,South India,Consumer,Professional,0
CUST-0279,2025-09-28,West India,SMB,Basic,1
CUST-0280,2025-05-03,West India,SMB,Professional,0
CUST-0281,2025-09-13,West India,Enterprise,Professional,0
CUST-0282,2025-03-15,South India,Enterprise,Basic,0
CUST-0283,2025-12-09,South India,Consumer,Basic,0
CUST-0284,2025-09-17,West India,Mid-Market,Professional,0
CUST-0285,2025-07-11,South India,Enterprise,Professional,0
CUST-0286,2025-12-03,West India,SMB,Professional,0
CUST-0287,2025-01-23,South India,Mid-Market,Professional,0
CUST-0288,2025-12-17,West India,SMB,Professional,0
CUST-0289,2025-02-02,North India,Consumer,Basic,1
CUST-0290,2025-04-13,North India,Mid-Market,Basic,0
CUST-0291,2025-08-31,South India,SMB,Basic,0
CUST-0292,2025-12-02,South India,Enterprise,Basic,0
CUST-0293,2025-07-17,South India,Mid-Market,Professional,0
CUST-0294,2025-09-23,South India,Enterprise,Basic,0
CUST-0295,2025-04-03,West India,Mid-Market,Basic,0
CUST-0296,2025-11-05,North India,Mid-Market,Basic,0
CUST-0297,2025-06-30,West India,SMB,Professional,0
CUST-0298,2025-01-30,South India,SMB,Basic,0
CUST-0299,2025-01-16,South India,SMB,Professional,1
CUST-0300,2025-02-04,South India,SMB,Basic,1
CUST-0301,2025-03-20,West India,Consumer,Basic,0
CUST-0302,2025-09-29,South India,Mid-Market,Basic,1
CUST-0303,2025-04-06,West India,Mid-Market,Professional,0
CUST-0304,2025-05-14,North India,Mid-Market,Professional,0
CUST-0305,2025-09-09,South India,Enterprise,Basic,1
CUST-0306,2026-01-01,West India,Enterprise,Professional,0
CUST-0307,2025-06-13,West India,SMB,Professional,0
CUST-0308,2025-06-03,North India,SMB,Enterprise,0
CUST-0309,2025-07-05,West India,Enterprise,Basic,1
CUST-0310,2025-09-10,South India,SMB,Basic,0
CUST-0311,2025-11-10,North India,Enterprise,Basic,0
CUST-0312,2025-07-30,North India,Consumer,Basic,0
CUST-0313,2025-08-19,West India,SMB,Basic,0
CUST-0314,2025-10-28,South India,Consumer,Basic,1
CUST-0315,2025-03-05,West India,Mid-Market,Basic,0
CUST-0316,2025-09-23,North India,Consumer,Basic,0
CUST-0317,2025-03-06,West India,SMB,Basic,0
CUST-0318,2025-10-25,South India,SMB,Professional,0
CUST-0319,2025-10-16,South India,Consumer,Basic,0
CUST-0320,2025-05-16,West India,SMB,Basic,0
CUST-0321,2025-11-18,West India,SMB,Basic,1
CUST-0322,2025-12-17,West India,SMB,Professional,0
CUST-0323,2025-08-01,West India,Mid-Market,Professional,0
CUST-0324,2025-06-13,North India,Consumer,Enterprise,0
CUST-0325,2025-07-09,West India,Enterprise,Basic,1
CUST-0326,2025-08-19,South India,Enterprise,Basic,0
CUST-0327,2025-05-08,East India,Consumer,Enterprise,0
CUST-0328,2025-06-10,South India,Mid-Market,Enterprise,0
CUST-0329,2025-06-07,West India,Enterprise,Basic,0
CUST-0330,2025-10-26,South India,Enterprise,Professional,0
CUST-0331,2025-12-01,West India,Mid-Market,Basic,1
CUST-0332,2025-03-10,North India,SMB,Professional,0
CUST-0333,2025-07-25,South India,SMB,Basic,0
CUST-0334,2025-08-19,North India,Mid-Market,Enterprise,0
CUST-0335,2025-03-02,South India,Enterprise,Basic,0
CUST-0336,2025-07-07,North India,Mid-Market,Professional,0
CUST-0337,2025-01-24,South India,SMB,Enterprise,0
CUST-0338,2025-03-18,West India,SMB,Basic,0
CUST-0339,2025-11-12,North India,Mid-Market,Basic,0
CUST-0340,2025-12-29,West India,SMB,Basic,1
CUST-0341,2025-08-02,West India,SMB,Professional,0
CUST-0342,2025-01-14,West India,Mid-Market,Professional,0
CUST-0343,2025-10-24,West India,SMB,Professional,0
CUST-0344,2025-11-19,North India,SMB,Basic,0
CUST-0345,2025-10-21,East India,Enterprise,Basic,0
CUST-0346,2025-12-20,South India,SMB,Professional,0
CUST-0347,2025-02-01,North India,SMB,Professional,0
CUST-0348,2025-09-02,West India,Mid-Market,Basic,0
CUST-0349,2025-07-01,West India,Consumer,Professional,0
CUST-0350,2025-05-16,West India,Mid-Market,Basic,0
CUST-0351,2025-06-02,North India,SMB,Professional,0
CUST-0352,2025-09-03,South India,Consumer,Professional,0
CUST-0353,2025-03-04,West India,SMB,Enterprise,0
CUST-0354,2025-06-26,East India,Consumer,Basic,0
CUST-0355,2025-06-27,East India,SMB,Professional,0
CUST-0356,2025-10-03,South India,SMB,Basic,1
CUST-0357,2025-10-28,South India,Enterprise,Enterprise,0
CUST-0358,2025-04-30,South India,SMB,Professional,1
CUST-0359,2025-03-12,South India,SMB,Enterprise,0
CUST-0360,2025-09-01,West India,Mid-Market,Enterprise,0
CUST-0361,2025-11-27,South India,SMB,Professional,0
CUST-0362,2025-01-20,East India,Mid-Market,Enterprise,0
CUST-0363,2025-01-19,East India,Mid-Market,Professional,0
CUST-0364,2025-05-29,North India,Enterprise,Professional,1
CUST-0365,2025-06-21,South India,Consumer,Professional,0
CUST-0366,2025-03-10,North India,SMB,Basic,1
CUST-0367,2025-03-25,North India,SMB,Professional,1
CUST-0368,2025-06-22,North India,SMB,Professional,0
CUST-0369,2025-11-24,North India,Consumer,Professional,1
CUST-0370,2025-12-09,South India,Consumer,Professional,0
CUST-0371,2025-01-04,South India,Mid-Market,Professional,0
CUST-0372,2025-06-04,West India,SMB,Basic,0
CUST-0373,2025-12-08,South India,Mid-Market,Basic,0
CUST-0374,2025-12-27,North India,SMB,Professional,0
CUST-0375,2025-07-08,West India,Mid-Market,Basic,1
CUST-0376,2025-11-07,South India,SMB,Enterprise,0
CUST-0377,2025-12-07,North India,SMB,Professional,0
CUST-0378,2025-02-11,West India,SMB,Basic,0
CUST-0379,2025-10-08,East India,Mid-Market,Professional,0
CUST-0380,2025-09-24,West India,SMB,Professional,0
CUST-0381,2025-09-19,West India,Enterprise,Basic,0
CUST-0382,2025-10-14,West India,Consumer,Professional,0
CUST-0383,2025-01-02,North India,SMB,Basic,1
CUST-0384,2025-01-31,East India,Enterprise,Enterprise,1
CUST-0385,2025-07-29,South India,Enterprise,Professional,0
CUST-0386,2025-08-04,South India,Consumer,Basic,0
CUST-0387,2025-02-11,West India,SMB,Professional,0
CUST-0388,2025-06-28,South India,Consumer,Basic,1
CUST-0389,2025-04-25,North India,SMB,Enterprise,0
CUST-0390,2025-10-06,West India,Mid-Market,Basic,0
CUST-0391,2025-04-07,East India,SMB,Basic,0
CUST-0392,2025-01-09,South India,Enterprise,Professional,0
CUST-0393,2025-12-11,North India,Enterprise,Professional,0
CUST-0394,2025-04-30,West India,SMB,Professional,0
CUST-0395,2025-05-29,South India,Consumer,Professional,0
CUST-0396,2025-12-11,North India,Mid-Market,Enterprise,0
CUST-0397,2025-09-24,South India,Mid-Market,Basic,0
CUST-0398,2025-03-31,West India,SMB,Professional,0
CUST-0399,2025-11-26,West India,SMB,Basic,0
CUST-0400,2025-07-12,South India,SMB,Basic,1
CUST-0401,2025-12-29,South India,SMB,Basic,0
CUST-0402,2025-09-29,South India,Mid-Market,Basic,0
CUST-0403,2025-07-09,South India,SMB,Basic,1
CUST-0404,2025-12-11,West India,Enterprise,Basic,0
CUST-0405,2025-12-10,West India,SMB,Enterprise,0
CUST-0406,2025-01-08,South India,Mid-Market,Professional,0
CUST-0407,2025-09-03,East India,SMB,Professional,0
CUST-0408,2025-05-03,West India,SMB,Basic,0
CUST-0409,2025-05-14,South India,Consumer,Professional,0
CUST-0410,2025-08-29,North India,Mid-Market,Basic,1
CUST-0411,2025-04-24,North India,Enterprise,Professional,0
CUST-0412,2025-08-02,South India,Mid-Market,Basic,0
CUST-0413,2025-10-09,West India,SMB,Basic,0
CUST-0414,2025-11-25,North India,SMB,Professional,0
CUST-0415,2025-03-13,North India,SMB,Enterprise,0
CUST-0416,2025-11-25,East India,SMB,Enterprise,1
CUST-0417,2025-12-09,South India,Enterprise,Basic,1
CUST-0418,2025-03-19,South India,SMB,Basic,0
CUST-0419,2025-11-12,East India,SMB,Basic,0
CUST-0420,2025-01-09,West India,Mid-Market,Enterprise,1
CUST-0421,2025-12-24,West India,Consumer,Enterprise,1
CUST-0422,2025-02-19,West India,Mid-Market,Professional,0
CUST-0423,2025-07-01,South India,Mid-Market,Basic,0
CUST-0424,2025-12-23,South India,SMB,Enterprise,0
CUST-0425,2025-11-29,North India,Enterprise,Basic,1
CUST-0426,2025-01-05,North India,Enterprise,Enterprise,0
CUST-0427,2025-06-19,West India,Consumer,Basic,1
CUST-0428,2025-04-19,East India,SMB,Professional,0
CUST-0429,2025-02-08,West India,Mid-Market,Professional,0
CUST-0430,2025-04-02,East India,Mid-Market,Enterprise,0
CUST-0431,2025-12-31,North India,Consumer,Basic,0
CUST-0432,2025-07-19,West India,SMB,Basic,0
CUST-0433,2025-12-19,North India,SMB,Enterprise,1
CUST-0434,2025-08-12,South India,Enterprise,Professional,0
CUST-0435,2025-11-01,South India,SMB,Basic,1
CUST-0436,2025-08-19,West India,Mid-Market,Enterprise,0
CUST-0437,2025-12-15,West India,Mid-Market,Professional,0
CUST-0438,2025-05-07,North India,Enterprise,Basic,0
CUST-0439,2025-07-19,South India,Enterprise,Basic,0
CUST-0440,2025-05-19,South India,Enterprise,Basic,0
CUST-0441,2025-02-22,South India,Mid-Market,Basic,0
CUST-0442,2025-07-17,South India,SMB,Professional,0
CUST-0443,2025-10-14,East India,Consumer,Professional,0
CUST-0444,2025-07-14,South India,Mid-Market,Basic,1
CUST-0445,2025-03-27,West India,SMB,Professional,1
CUST-0446,2025-05-09,East India,SMB,Professional,0
CUST-0447,2025-08-23,South India,Mid-Market,Enterprise,0
CUST-0448,2025-11-14,South India,Consumer,Basic,0
CUST-0449,2025-11-30,East India,Enterprise,Basic,0
CUST-0450,2025-06-10,South India,Mid-Market,Basic,0
CUST-0451,2025-10-22,North India,Mid-Market,Basic,0
CUST-0452,2025-10-16,South India,Consumer,Basic,1
CUST-0453,2025-08-25,East India,Mid-Market,Professional,0
CUST-0454,2025-02-05,North India,SMB,Basic,0
CUST-0455,2025-05-04,South India,Mid-Market,Basic,0
CUST-0456,2025-11-03,West India,SMB,Professional,0
CUST-0457,2025-12-21,West India,Enterprise,Enterprise,0
CUST-0458,2025-10-02,West India,Consumer,Basic,1
CUST-0459,2025-12-07,South India,SMB,Basic,0
CUST-0460,2025-07-24,East India,Mid-Market,Professional,1
CUST-0461,2025-02-20,South India,SMB,Professional,0
CUST-0462,2025-10-22,South India,Mid-Market,Professional,0
CUST-0463,2025-12-20,West India,Mid-Market,Basic,1
CUST-0464,2025-08-01,East India,Enterprise,Enterprise,0
CUST-0465,2025-06-28,South India,SMB,Basic,0
CUST-0466,2025-08-13,North India,SMB,Basic,1
CUST-0467,2025-12-30,South India,Consumer,Professional,0
CUST-0468,2025-03-26,East India,SMB,Professional,0
CUST-0469,2025-06-19,West India,Consumer,Basic,0
CUST-0470,2025-11-24,West India,Mid-Market,Professional,0
CUST-0471,2025-08-19,West India,Mid-Market,Professional,0
CUST-0472,2025-12-27,North India,Enterprise,Basic,0
CUST-0473,2025-06-16,South India,Enterprise,Professional,0
CUST-0474,2025-11-24,South India,Mid-Market,Basic,1
CUST-0475,2025-06-30,North India,SMB,Enterprise,0
CUST-0476,2025-06-02,East India,SMB,Professional,0
CUST-0477,2025-05-03,South India,Mid-Market,Professional,0
CUST-0478,2025-08-03,West India,SMB,Basic,0
CUST-0479,2025-11-27,East India,Mid-Market,Basic,0
CUST-0480,2025-08-19,West India,Consumer,Enterprise,0
CUST-0481,2025-04-10,North India,Consumer,Professional,0
CUST-0482,2025-12-17,West India,SMB,Basic,1
CUST-0483,2025-10-17,South India,SMB,Basic,1
CUST-0484,2025-10-03,South India,SMB,Professional,0
CUST-0485,2025-09-11,West India,Enterprise,Basic,0
CUST-0486,2025-07-07,West India,SMB,Professional,0
CUST-0487,2025-04-22,East India,Enterprise,Enterprise,0
CUST-0488,2025-06-02,North India,Enterprise,Basic,1
CUST-0489,2025-03-02,North India,Mid-Market,Enterprise,0
CUST-0490,2025-06-29,North India,SMB,Basic,0
CUST-0491,2025-04-16,North India,SMB,Professional,0
CUST-0492,2025-03-28,South India,SMB,Basic,1
CUST-0493,2025-09-21,East India,SMB,Basic,0
CUST-0494,2025-01-31,East India,Consumer,Basic,0
CUST-0495,2025-12-31,South India,Mid-Market,Enterprise,0
CUST-0496,2025-03-14,West India,Mid-Market,Basic,0
CUST-0497,2025-02-17,West India,SMB,Professional,0
CUST-0498,2025-08-21,East India,Mid-Market,Basic,0
CUST-0499,2025-08-23,West India,SMB,Enterprise,0
CUST-0500,2025-07-23,South India,SMB,Basic,1
CUST-0501,2025-05-26,South India,SMB,Professional,0
CUST-0502,2025-06-25,North India,SMB,Basic,0
CUST-0503,2025-01-09,South India,Consumer,Basic,1
CUST-0504,2025-08-08,South India,SMB,Basic,0
CUST-0505,2025-05-21,South India,Mid-Market,Basic,0
CUST-0506,2025-01-27,South India,Mid-Market,Professional,0
CUST-0507,2025-12-02,South India,Enterprise,Basic,1
CUST-0508,2025-10-31,South India,SMB,Basic,0
CUST-0509,2025-08-05,West India,SMB,Basic,1
CUST-0510,2025-02-22,South India,Mid-Market,Basic,0
CUST-0511,2025-03-10,West India,SMB,Basic,0
CUST-0512,2025-03-26,West India,SMB,Professional,0
CUST-0513,2025-07-30,West India,SMB,Basic,0
CUST-0514,2025-03-05,West India,Mid-Market,Enterprise,0
CUST-0515,2025-03-13,South India,SMB,Basic,0
CUST-0516,2025-05-26,North India,SMB,Enterprise,0
CUST-0517,2025-06-04,South India,SMB,Basic,0
CUST-0518,2025-05-03,West India,Enterprise,Professional,0
CUST-0519,2025-09-28,North India,Enterprise,Basic,0
CUST-0520,2025-10-19,West India,SMB,Basic,0
CUST-0521,2025-02-07,South India,Enterprise,Basic,1
CUST-0522,2025-01-31,East India,Mid-Market,Basic,0
CUST-0523,2025-08-05,North India,Enterprise,Professional,0
CUST-0524,2025-05-23,South India,Enterprise,Enterprise,0
CUST-0525,2025-03-21,West India,Mid-Market,Professional,0
CUST-0526,2025-12-15,West India,Mid-Market,Basic,0
CUST-0527,2025-05-06,South India,SMB,Professional,0
CUST-0528,2025-06-08,West India,SMB,Basic,1
CUST-0529,2025-03-12,North India,Mid-Market,Enterprise,0
CUST-0530,2025-05-13,South India,Enterprise,Professional,0
CUST-0531,2025-03-02,North India,Enterprise,Enterprise,0
CUST-0532,2025-02-02,South India,Consumer,Professional,0
CUST-0533,2025-09-19,South India,SMB,Professional,0
CUST-0534,2025-05-11,North India,Consumer,Professional,0
CUST-0535,2025-09-18,South India,Consumer,Basic,1
CUST-0536,2025-07-06,South India,Mid-Market,Enterprise,0
CUST-0537,2025-10-11,North India,SMB,Professional,0
CUST-0538,2025-05-08,West India,SMB,Basic,1
CUST-0539,2025-07-10,South India,SMB,Basic,1
CUST-0540,2025-09-22,East India,Consumer,Basic,0
CUST-0541,2025-06-09,South India,SMB,Basic,1
CUST-0542,2025-10-16,North India,SMB,Basic,0
CUST-0543,2025-04-11,North India,SMB,Professional,0
CUST-0544,2025-07-29,South India,SMB,Professional,0
CUST-0545,2025-01-05,East India,Enterprise,Professional,0
CUST-0546,2025-06-07,South India,SMB,Basic,1
CUST-0547,2025-03-14,North India,Enterprise,Enterprise,0
CUST-0548,2025-09-24,West India,Consumer,Professional,0
CUST-0549,2025-10-25,South India,Enterprise,Enterprise,1
CUST-0550,2025-10-18,South India,SMB,Basic,0
CUST-0551,2025-07-21,North India,SMB,Basic,1
CUST-0552,2025-02-08,East India,Enterprise,Professional,1
CUST-0553,2025-02-24,South India,SMB,Basic,0
CUST-0554,2025-04-17,West India,SMB,Enterprise,1
CUST-0555,2025-12-18,South India,SMB,Professional,0
CUST-0556,2025-06-17,South India,SMB,Enterprise,0
CUST-0557,2025-01-26,West India,Mid-Market,Enterprise,1
CUST-0558,2025-07-27,North India,SMB,Professional,1
CUST-0559,2025-02-22,North India,Enterprise,Basic,0
CUST-0560,2025-03-08,South India,SMB,Professional,0
CUST-0561,2025-02-13,West India,Mid-Market,Enterprise,1
CUST-0562,2025-02-03,South India,SMB,Enterprise,1
CUST-0563,2025-06-19,South India,Consumer,Basic,0
CUST-0564,2025-07-22,West India,Mid-Market,Basic,0
CUST-0565,2025-05-21,South India,Consumer,Basic,0
CUST-0566,2025-06-01,West India,Consumer,Professional,1
CUST-0567,2025-07-16,South India,Mid-Market,Enterprise,0
CUST-0568,2025-11-19,East India,SMB,Basic,0
CUST-0569,2025-09-03,West India,SMB,Enterprise,0
CUST-0570,2025-07-18,South India,Enterprise,Professional,1
CUST-0571,2025-05-24,South India,Consumer,Professional,0
CUST-0572,2025-04-30,East India,Enterprise,Professional,0
CUST-0573,2025-01-29,North India,Consumer,Professional,0
CUST-0574,2025-07-18,South India,Consumer,Enterprise,0
CUST-0575,2025-10-31,South India,SMB,Basic,0
CUST-0576,2025-06-30,East India,SMB,Professional,0
CUST-0577,2025-09-10,West India,Mid-Market,Basic,1
CUST-0578,2025-11-05,South India,SMB,Basic,0
CUST-0579,2025-03-08,South India,Mid-Market,Enterprise,0
CUST-0580,2025-01-31,South India,SMB,Enterprise,0
CUST-0581,2025-09-27,North India,Consumer,Basic,0
CUST-0582,2025-02-21,South India,Mid-Market,Enterprise,0
CUST-0583,2025-08-12,North India,Consumer,Professional,0
CUST-0584,2025-10-15,West India,Consumer,Professional,0
CUST-0585,2025-10-29,North India,Mid-Market,Professional,0
CUST-0586,2025-04-01,North India,Consumer,Enterprise,0
CUST-0587,2025-10-18,South India,SMB,Enterprise,0
CUST-0588,2025-04-24,West India,Enterprise,Professional,0
CUST-0589,2025-02-09,South India,Consumer,Basic,1
CUST-0590,2025-12-29,West India,SMB,Basic,1
CUST-0591,2025-04-18,South India,Enterprise,Basic,1
CUST-0592,2025-01-01,South India,SMB,Basic,1
CUST-0593,2025-07-31,West India,Mid-Market,Professional,1
CUST-0594,2025-09-03,North India,SMB,Professional,0
CUST-0595,2025-08-20,South India,Consumer,Basic,0
CUST-0596,2025-02-07,South India,Consumer,Basic,1
CUST-0597,2025-02-17,South India,Consumer,Enterprise,0
CUST-0598,2025-08-09,East India,Mid-Market,Enterprise,0
CUST-0599,2025-02-21,South India,Consumer,Basic,0
CUST-0600,2025-10-04,South India,Mid-Market,Basic,1
CUST-0601,2025-10-20,West India,SMB,Basic,1
CUST-0602,2025-02-14,South India,SMB,Professional,0
CUST-0603,2025-01-14,South India,SMB,Enterprise,0
CUST-0604,2025-03-01,South India,Mid-Market,Professional,0
CUST-0605,2025-02-16,West India,Mid-Market,Basic,0
CUST-0606,2025-01-23,South India,SMB,Basic,1
CUST-0607,2025-02-01,South India,SMB,Basic,0
CUST-0608,2025-07-31,East India,SMB,Professional,0
CUST-0609,2025-09-25,West India,SMB,Enterprise,0
CUST-0610,2025-05-01,West India,Enterprise,Enterprise,0
CUST-0611,2025-09-15,West India,SMB,Professional,0
CUST-0612,2025-03-17,South India,SMB,Basic,0
CUST-0613,2025-04-09,South India,SMB,Enterprise,0
CUST-0614,2025-11-18,South India,SMB,Basic,0
CUST-0615,2025-02-14,South India,Mid-Market,Basic,1
CUST-0616,2025-08-23,East India,Enterprise,Professional,0
CUST-0617,2025-08-03,South India,Enterprise,Professional,0
CUST-0618,2025-02-21,East India,SMB,Basic,0
CUST-0619,2025-06-26,North India,Mid-Market,Professional,0
CUST-0620,2025-08-31,South India,Mid-Market,Basic,0
CUST-0621,2025-01-20,South India,Consumer,Professional,1
CUST-0622,2025-09-01,East India,Consumer,Basic,0
CUST-0623,2025-05-24,North India,Consumer,Professional,0
CUST-0624,2025-04-27,South India,Consumer,Basic,0
CUST-0625,2025-08-02,West India,Enterprise,Basic,0
CUST-0626,2025-09-06,North India,Consumer,Enterprise,0
CUST-0627,2025-03-23,South India,SMB,Basic,0
CUST-0628,2025-10-19,South India,Mid-Market,Enterprise,0
CUST-0629,2025-05-08,South India,Enterprise,Basic,1
CUST-0630,2025-07-08,North India,SMB,Professional,0
CUST-0631,2025-01-16,South India,SMB,Basic,0
CUST-0632,2025-10-10,South India,Mid-Market,Enterprise,0
CUST-0633,2025-12-19,South India,Enterprise,Basic,0
CUST-0634,2025-04-20,North India,SMB,Professional,0
CUST-0635,2025-07-29,West India,Consumer,Enterprise,0
CUST-0636,2025-08-31,East India,SMB,Professional,1
CUST-0637,2025-05-10,West India,Consumer,Professional,0
CUST-0638,2025-05-21,West India,Mid-Market,Basic,1
CUST-0639,2025-08-27,South India,SMB,Professional,0
CUST-0640,2025-01-04,West India,SMB,Enterprise,0
CUST-0641,2025-11-28,West India,Mid-Market,Professional,0
CUST-0642,2025-06-22,East India,SMB,Enterprise,0
CUST-0643,2025-12-31,East India,SMB,Basic,0
CUST-0644,2025-01-30,North India,Consumer,Professional,0
CUST-0645,2025-12-15,South India,Enterprise,Professional,0
CUST-0646,2025-08-03,West India,SMB,Professional,0
CUST-0647,2025-04-08,South India,SMB,Professional,0
CUST-0648,2025-09-01,East India,SMB,Professional,0
CUST-0649,2025-12-03,North India,Mid-Market,Basic,1
CUST-0650,2025-05-13,North India,SMB,Enterprise,0
CUST-0651,2025-06-21,West India,Mid-Market,Basic,0
CUST-0652,2025-06-19,South India,SMB,Professional,0
CUST-0653,2025-01-28,North India,SMB,Enterprise,1
CUST-0654,2025-04-10,West India,Consumer,Basic,1
CUST-0655,2025-03-19,South India,Mid-Market,Basic,0
CUST-0656,2025-08-23,South India,Consumer,Basic,1
CUST-0657,2025-06-20,West India,Mid-Market,Professional,1
CUST-0658,2025-05-21,South India,SMB,Professional,0
CUST-0659,2025-02-15,South India,SMB,Basic,0
CUST-0660,2025-01-03,South India,Mid-Market,Basic,1
CUST-0661,2025-06-14,North India,SMB,Basic,1
CUST-0662,2025-05-08,South India,Consumer,Basic,1
CUST-0663,2025-09-15,West India,Mid-Market,Enterprise,0
CUST-0664,2025-05-29,West India,SMB,Professional,0
CUST-0665,2025-12-18,East India,Mid-Market,Enterprise,0
CUST-0666,2025-04-07,South India,Consumer,Enterprise,1
CUST-0667,2025-04-25,North India,Enterprise,Professional,0
CUST-0668,2025-03-28,South India,SMB,Professional,0
CUST-0669,2025-11-24,South India,SMB,Basic,0
CUST-0670,2025-12-01,North India,Enterprise,Basic,0
CUST-0671,2025-05-10,West India,Mid-Market,Professional,0
CUST-0672,2025-06-04,West India,Enterprise,Professional,0
CUST-0673,2025-12-25,South India,Consumer,Basic,0
CUST-0674,2025-02-28,North India,SMB,Professional,0
CUST-0675,2025-09-25,East India,Mid-Market,Basic,1
CUST-0676,2025-10-08,West India,Mid-Market,Enterprise,0
CUST-0677,2025-01-02,South India,Enterprise,Basic,0
CUST-0678,2025-02-16,North India,Enterprise,Professional,0
CUST-0679,2025-11-26,South India,Consumer,Basic,1
CUST-0680,2025-03-31,North India,Consumer,Basic,0
CUST-0681,2025-03-01,South India,SMB,Basic,0
CUST-0682,2025-03-29,South India,Consumer,Enterprise,0
CUST-0683,2025-02-17,South India,Mid-Market,Basic,0
CUST-0684,2025-07-17,West India,SMB,Basic,0
CUST-0685,2025-03-09,West India,Enterprise,Enterprise,0
CUST-0686,2025-08-02,East India,SMB,Professional,0
CUST-0687,2025-11-09,South India,Mid-Market,Basic,0
CUST-0688,2025-03-08,West India,SMB,Enterprise,0
CUST-0689,2025-02-02,South India,Mid-Market,Professional,0
CUST-0690,2025-10-23,North India,Mid-Market,Enterprise,0
CUST-0691,2025-09-23,West India,SMB,Basic,0
CUST-0692,2025-06-27,West India,SMB,Basic,0
CUST-0693,2025-11-10,South India,SMB,Basic,0
CUST-0694,2025-03-26,South India,SMB,Basic,1
CUST-0695,2025-04-25,West India,Mid-Market,Enterprise,1
CUST-0696,2025-08-16,North India,SMB,Enterprise,0
CUST-0697,2025-03-02,East India,SMB,Basic,1
CUST-0698,2025-10-09,South India,Enterprise,Professional,0
CUST-0699,2025-06-05,North India,SMB,Professional,0
CUST-0700,2025-06-24,South India,Enterprise,Basic,0
CUST-0701,2025-11-14,West India,SMB,Basic,1
CUST-0702,2025-12-04,South India,Mid-Market,Enterprise,0
CUST-0703,2025-05-30,West India,Mid-Market,Basic,0
CUST-0704,2025-07-29,South India,SMB,Basic,0
CUST-0705,2025-08-23,North India,Mid-Market,Basic,1
CUST-0706,2025-11-21,North India,SMB,Professional,0
CUST-0707,2025-12-04,West India,SMB,Enterprise,1
CUST-0708,2025-01-25,West India,SMB,Professional,0
CUST-0709,2025-04-01,West India,Mid-Market,Enterprise,1
CUST-0710,2025-12-03,West India,Consumer,Professional,0
CUST-0711,2025-11-08,East India,SMB,Basic,0
CUST-0712,2025-08-20,North India,Enterprise,Professional,0
CUST-0713,2025-09-20,South India,SMB,Enterprise,0
CUST-0714,2025-10-11,West India,Mid-Market,Professional,0
CUST-0715,2025-06-26,East India,Enterprise,Professional,0
CUST-0716,2025-04-02,West India,SMB,Basic,1
CUST-0717,2025-06-30,West India,SMB,Enterprise,0
CUST-0718,2025-12-12,North India,Consumer,Basic,0
CUST-0719,2025-09-25,South India,Mid-Market,Basic,1
CUST-0720,2025-05-17,North India,Mid-Market,Basic,1
CUST-0721,2025-02-01,West India,Mid-Market,Professional,1
CUST-0722,2025-08-20,South India,Consumer,Professional,0
CUST-0723,2025-11-28,West India,Mid-Market,Professional,0
CUST-0724,2025-05-28,West India,Enterprise,Basic,0
CUST-0725,2025-12-17,South India,SMB,Basic,1
CUST-0726,2025-11-14,North India,Consumer,Basic,1
CUST-0727,2025-11-21,North India,SMB,Professional,0
CUST-0728,2025-11-05,South India,SMB,Basic,0
CUST-0729,2025-02-08,South India,Mid-Market,Professional,0
CUST-0730,2025-08-08,South India,Mid-Market,Basic,1
CUST-0731,2025-08-27,North India,Mid-Market,Basic,1
CUST-0732,2025-11-17,West India,SMB,Professional,0
CUST-0733,2025-07-03,South India,SMB,Professional,0
CUST-0734,2025-09-24,South India,SMB,Basic,1
CUST-0735,2025-04-24,North India,SMB,Basic,0
CUST-0736,2025-11-13,West India,Consumer,Enterprise,0
CUST-0737,2025-01-05,South India,Mid-Market,Basic,0
CUST-0738,2025-05-05,East India,SMB,Basic,0
CUST-0739,2025-07-17,South India,SMB,Basic,0
CUST-0740,2025-09-21,North India,SMB,Basic,0
CUST-0741,2025-09-21,South India,Enterprise,Enterprise,0
CUST-0742,2025-10-01,South India,Enterprise,Professional,0
CUST-0743,2025-12-17,West India,Enterprise,Professional,0
CUST-0744,2025-08-11,West India,Consumer,Professional,0
CUST-0745,2025-08-24,North India,Enterprise,Basic,1
CUST-0746,2025-05-09,West India,SMB,Basic,1
CUST-0747,2025-07-18,West India,SMB,Basic,0
CUST-0748,2025-01-04,West India,SMB,Professional,0
CUST-0749,2025-12-25,North India,Mid-Market,Professional,0
CUST-0750,2025-12-18,South India,Enterprise,Professional,0
CUST-0751,2025-07-22,North India,Enterprise,Basic,1
CUST-0752,2025-07-20,North India,Consumer,Basic,0
CUST-0753,2025-11-28,South India,Consumer,Professional,0
CUST-0754,2025-03-05,South India,SMB,Basic,1
CUST-0755,2025-04-18,North India,Consumer,Basic,0
CUST-0756,2025-09-20,South India,Mid-Market,Professional,0
CUST-0757,2025-02-28,South India,SMB,Enterprise,0
CUST-0758,2025-10-09,West India,SMB,Basic,1
CUST-0759,2025-02-20,South India,SMB,Enterprise,0
CUST-0760,2025-12-10,West India,Enterprise,Professional,0
CUST-0761,2025-06-12,West India,Mid-Market,Professional,0
CUST-0762,2025-03-20,West India,Mid-Market,Basic,1
CUST-0763,2025-05-07,North India,SMB,Professional,0
CUST-0764,2025-07-04,South India,SMB,Enterprise,0
CUST-0765,2025-07-03,North India,SMB,Basic,1
CUST-0766,2025-05-24,North India,Enterprise,Professional,0
CUST-0767,2025-11-17,South India,Enterprise,Basic,1
CUST-0768,2025-10-25,West India,SMB,Basic,1
CUST-0769,2025-05-14,West India,Consumer,Professional,0
CUST-0770,2025-07-07,South India,Consumer,Professional,0
CUST-0771,2025-03-10,West India,SMB,Basic,0
CUST-0772,2025-11-11,West India,SMB,Basic,1
CUST-0773,2025-10-17,East India,SMB,Enterprise,0
CUST-0774,2025-09-05,East India,Enterprise,Professional,0
CUST-0775,2025-05-16,South India,Enterprise,Basic,0
CUST-0776,2025-08-29,East India,Consumer,Basic,1
CUST-0777,2025-09-24,West India,Mid-Market,Professional,0
CUST-0778,2025-10-19,South India,SMB,Basic,0
CUST-0779,2025-09-22,South India,Consumer,Basic,0
CUST-0780,2025-06-26,West India,SMB,Professional,0
CUST-0781,2025-03-13,West India,Mid-Market,Professional,0
CUST-0782,2025-03-18,South India,Mid-Market,Professional,0
CUST-0783,2025-04-28,West India,Mid-Market,Basic,0
CUST-0784,2025-10-30,South India,Consumer,Basic,1
CUST-0785,2025-10-21,West India,Enterprise,Professional,0
CUST-0786,2025-03-17,South India,Mid-Market,Basic,0
CUST-0787,2025-10-16,West India,Consumer,Professional,0
CUST-0788,2025-02-13,South India,SMB,Professional,0
CUST-0789,2025-04-23,North India,SMB,Professional,0
CUST-0790,2025-04-04,West India,SMB,Basic,0
CUST-0791,2025-11-02,West India,Mid-Market,Basic,1
CUST-0792,2025-04-14,West India,Consumer,Professional,0
CUST-0793,2025-11-07,South India,SMB,Professional,1
CUST-0794,2025-09-30,West India,Enterprise,Professional,0
CUST-0795,2025-11-05,West India,Enterprise,Enterprise,0
CUST-0796,2025-08-09,West India,Mid-Market,Basic,0
CUST-0797,2025-09-04,North India,Mid-Market,Professional,0
CUST-0798,2025-12-23,West India,SMB,Basic,0
CUST-0799,2025-02-12,South India,Consumer,Basic,1
CUST-0800,2025-12-30,North India,Enterprise,Professional,0
CUST-0801,2025-07-12,West India,SMB,Basic,0
CUST-0802,2025-11-30,West India,Mid-Market,Professional,0
CUST-0803,2025-11-10,South India,SMB,Professional,0
CUST-0804,2025-10-13,West India,Mid-Market,Professional,0
CUST-0805,2025-06-07,West India,SMB,Basic,1
CUST-0806,2025-12-04,South India,Mid-Market,Professional,0
CUST-0807,2025-02-21,South India,SMB,Basic,0
CUST-0808,2025-12-28,South India,Mid-Market,Professional,0
CUST-0809,2025-03-16,West India,SMB,Basic,1
CUST-0810,2025-07-09,South India,Enterprise,Basic,0
CUST-0811,2025-09-24,South India,Consumer,Basic,0
CUST-0812,2025-09-11,West India,Mid-Market,Professional,0
CUST-0813,2025-05-27,South India,SMB,Professional,0
CUST-0814,2025-11-11,South India,Enterprise,Basic,1
CUST-0815,2025-03-22,South India,Mid-Market,Basic,0
CUST-0816,2025-04-13,West India,SMB,Basic,1
CUST-0817,2025-05-26,North India,SMB,Professional,0
CUST-0818,2025-05-22,South India,Consumer,Professional,0
CUST-0819,2025-01-03,South India,SMB,Basic,1
CUST-0820,2025-05-31,South India,Enterprise,Professional,0
CUST-0821,2025-10-03,North India,SMB,Professional,0
CUST-0822,2025-10-16,West India,Mid-Market,Basic,0
CUST-0823,2025-10-28,North India,SMB,Basic,0
CUST-0824,2025-04-23,West India,Mid-Market,Basic,0
CUST-0825,2025-01-05,North India,Mid-Market,Basic,0
CUST-0826,2025-06-25,South India,Consumer,Professional,0
CUST-0827,2025-10-21,South India,Consumer,Professional,0
CUST-0828,2025-09-13,North India,Mid-Market,Basic,1
CUST-0829,2025-04-28,South India,Mid-Market,Professional,0
CUST-0830,2025-02-24,South India,Enterprise,Enterprise,0
CUST-0831,2025-01-04,North India,SMB,Basic,0
CUST-0832,2025-09-10,North India,Consumer,Professional,0
CUST-0833,2025-04-04,East India,Consumer,Basic,1
CUST-0834,2025-10-23,South India,SMB,Basic,1
CUST-0835,2025-06-27,South India,SMB,Basic,0
CUST-0836,2025-08-24,South India,Enterprise,Professional,0
CUST-0837,2025-02-21,South India,SMB,Basic,0
CUST-0838,2025-08-30,East India,Mid-Market,Basic,0
CUST-0839,2025-07-10,South India,SMB,Professional,0
CUST-0840,2025-10-22,West India,Consumer,Professional,0
CUST-0841,2025-10-12,West India,Mid-Market,Basic,0
CUST-0842,2025-01-05,South India,SMB,Enterprise,0
CUST-0843,2025-09-22,West India,Mid-Market,Professional,0
CUST-0844,2025-10-18,South India,Enterprise,Basic,1
CUST-0845,2025-05-11,West India,SMB,Basic,0
CUST-0846,2025-10-14,West India,Consumer,Basic,0
CUST-0847,2025-12-14,East India,Mid-Market,Professional,0
CUST-0848,2025-03-31,East India,Mid-Market,Basic,0
CUST-0849,2025-08-17,North India,Mid-Market,Basic,0
CUST-0850,2025-03-27,West India,Consumer,Basic,0
CUST-0851,2025-02-06,South India,Mid-Market,Basic,0
CUST-0852,2025-11-06,West India,Mid-Market,Basic,0
CUST-0853,2025-10-28,West India,SMB,Basic,0
CUST-0854,2025-05-01,West India,Consumer,Professional,1
CUST-0855,2025-03-27,South India,Enterprise,Enterprise,0
CUST-0856,2025-01-28,South India,Mid-Market,Professional,1
CUST-0857,2025-05-15,West India,Enterprise,Enterprise,0
CUST-0858,2025-04-28,South India,Mid-Market,Professional,0
CUST-0859,2025-03-29,South India,SMB,Enterprise,0
CUST-0860,2025-09-01,West India,Consumer,Enterprise,0
CUST-0861,2025-03-11,East India,SMB,Basic,0
CUST-0862,2025-11-22,North India,SMB,Professional,0
CUST-0863,2025-06-27,West India,Mid-Market,Basic,0
CUST-0864,2025-03-21,South India,Enterprise,Enterprise,0
CUST-0865,2025-06-26,South India,SMB,Professional,0
CUST-0866,2025-09-02,South India,SMB,Professional,0
CUST-0867,2025-01-04,West India,Mid-Market,Enterprise,0
CUST-0868,2025-05-08,South India,SMB,Basic,0
CUST-0869,2025-08-05,West India,SMB,Professional,0
CUST-0870,2025-12-22,West India,Mid-Market,Professional,0
CUST-0871,2025-07-31,South India,Enterprise,Basic,1
CUST-0872,2025-08-22,West India,Mid-Market,Professional,0
CUST-0873,2025-01-10,South India,Consumer,Basic,0
CUST-0874,2025-03-06,North India,SMB,Basic,1
CUST-0875,2025-09-10,South India,SMB,Professional,0
CUST-0876,2025-07-10,West India,SMB,Basic,0
CUST-0877,2025-01-29,South India,Mid-Market,Professional,0
CUST-0878,2025-05-09,North India,Consumer,Basic,0
CUST-0879,2025-08-15,South India,Consumer,Basic,1
CUST-0880,2025-12-07,East India,SMB,Professional,0
CUST-0881,2025-06-15,South India,SMB,Professional,0
CUST-0882,2025-03-04,South India,SMB,Basic,0
CUST-0883,2025-04-22,East India,Mid-Market,Basic,1
CUST-0884,2025-05-22,West India,Mid-Market,Basic,0
CUST-0885,2025-12-20,West India,SMB,Basic,1
CUST-0886,2025-03-22,West India,SMB,Basic,0
CUST-0887,2025-01-31,South India,SMB,Professional,0
CUST-0888,2025-03-06,West India,Mid-Market,Professional,0
CUST-0889,2025-06-27,North India,SMB,Basic,0
CUST-0890,2025-03-10,South India,Enterprise,Professional,0
CUST-0891,2025-10-05,West India,Mid-Market,Basic,0
CUST-0892,2025-05-21,North India,SMB,Enterprise,0
CUST-0893,2025-09-29,South India,Mid-Market,Basic,1
CUST-0894,2025-11-23,West India,SMB,Enterprise,0
CUST-0895,2025-07-06,North India,Mid-Market,Professional,0
CUST-0896,2025-10-03,North India,Mid-Market,Professional,0
CUST-0897,2025-03-20,West India,Mid-Market,Professional,0
CUST-0898,2025-09-25,West India,Enterprise,Enterprise,0
CUST-0899,2025-01-17,South India,SMB,Basic,0
CUST-0900,2025-12-03,West India,SMB,Professional,1
CUST-0901,2025-04-24,West India,Enterprise,Enterprise,0
CUST-0902,2025-09-09,East India,Consumer,Professional,0
CUST-0903,2025-07-04,West India,Consumer,Basic,0
CUST-0904,2025-11-12,South India,Enterprise,Basic,0
CUST-0905,2025-09-23,South India,SMB,Professional,0
CUST-0906,2025-09-27,West India,SMB,Enterprise,0
CUST-0907,2025-10-13,West India,Enterprise,Professional,0
CUST-0908,2025-08-23,North India,SMB,Basic,0
CUST-0909,2025-09-16,South India,Mid-Market,Enterprise,0
CUST-0910,2025-06-30,East India,SMB,Enterprise,0
CUST-0911,2025-07-31,North India,SMB,Professional,0
CUST-0912,2025-10-16,West India,Mid-Market,Professional,0
CUST-0913,2025-07-04,East India,SMB,Basic,0
CUST-0914,2025-11-02,South India,Enterprise,Enterprise,1
CUST-0915,2025-04-24,South India,Mid-Market,Professional,0
CUST-0916,2025-05-22,East India,SMB,Professional,0
CUST-0917,2025-02-18,South India,Mid-Market,Basic,0
CUST-0918,2025-04-30,South India,Mid-Market,Professional,0
CUST-0919,2025-04-22,North India,SMB,Professional,0
CUST-0920,2025-12-20,North India,Consumer,Basic,1
CUST-0921,2025-10-23,South India,SMB,Enterprise,0
CUST-0922,2025-08-11,West India,Consumer,Enterprise,0
CUST-0923,2025-12-01,North India,Consumer,Professional,0
CUST-0924,2025-01-28,South India,Enterprise,Professional,0
CUST-0925,2025-09-15,West India,Mid-Market,Professional,0
CUST-0926,2025-08-17,North India,SMB,Basic,0
CUST-0927,2025-03-17,South India,Enterprise,Professional,1
CUST-0928,2025-07-24,South India,Mid-Market,Basic,0
CUST-0929,2025-09-04,West India,SMB,Professional,0
CUST-0930,2025-11-12,East India,SMB,Basic,1
CUST-0931,2025-08-09,South India,Consumer,Basic,0
CUST-0932,2025-06-28,South India,Mid-Market,Professional,0
CUST-0933,2025-03-28,East India,SMB,Enterprise,0
CUST-0934,2025-03-16,West India,Consumer,Basic,0
CUST-0935,2025-02-13,South India,Enterprise,Enterprise,0
CUST-0936,2025-05-28,South India,SMB,Basic,1
CUST-0937,2025-04-18,North India,Mid-Market,Professional,0
CUST-0938,2025-10-08,West India,SMB,Basic,1
CUST-0939,2025-10-26,East India,SMB,Basic,1
CUST-0940,2025-04-13,North India,SMB,Basic,1
CUST-0941,2025-07-18,West India,SMB,Enterprise,0
CUST-0942,2025-02-25,South India,Consumer,Professional,0
CUST-0943,2025-07-14,West India,SMB,Enterprise,0
CUST-0944,2025-11-02,West India,Mid-Market,Professional,0
CUST-0945,2025-12-31,South India,Mid-Market,Professional,0
CUST-0946,2025-07-21,North India,Enterprise,Professional,0
CUST-0947,2025-06-04,South India,Consumer,Professional,0
CUST-0948,2025-11-17,South India,Mid-Market,Enterprise,0
CUST-0949,2025-10-12,East India,Mid-Market,Basic,0
CUST-0950,2025-07-15,West India,SMB,Enterprise,0
CUST-0951,2025-08-02,South India,Mid-Market,Enterprise,0
CUST-0952,2025-06-18,West India,Enterprise,Professional,0
CUST-0953,2025-12-17,North India,Consumer,Basic,0
CUST-0954,2025-03-11,West India,Consumer,Professional,0
CUST-0955,2025-10-17,East India,Mid-Market,Professional,0
CUST-0956,2025-03-02,South India,Consumer,Basic,1
CUST-0957,2025-06-13,North India,SMB,Basic,0
CUST-0958,2025-11-23,East India,Mid-Market,Professional,1
CUST-0959,2025-04-05,South India,Consumer,Professional,0
CUST-0960,2025-11-10,South India,Mid-Market,Professional,0
CUST-0961,2025-12-19,North India,Enterprise,Enterprise,0
CUST-0962,2025-11-29,South India,Consumer,Professional,0
CUST-0963,2025-04-09,South India,SMB,Enterprise,0
CUST-0964,2025-07-31,South India,SMB,Basic,1
CUST-0965,2025-04-01,East India,Consumer,Enterprise,0
CUST-0966,2025-06-16,North India,Consumer,Basic,0
CUST-0967,2025-07-14,North India,Mid-Market,Enterprise,0
CUST-0968,2025-10-02,West India,Consumer,Professional,0
CUST-0969,2025-08-20,West India,Consumer,Enterprise,0
CUST-0970,2025-10-03,South India,SMB,Professional,0
CUST-0971,2025-11-19,East India,Mid-Market,Basic,0
CUST-0972,2025-05-27,West India,SMB,Professional,1
CUST-0973,2025-09-22,East India,SMB,Professional,1
CUST-0974,2025-09-14,South India,SMB,Enterprise,0
CUST-0975,2025-03-11,South India,Mid-Market,Basic,0
CUST-0976,2025-04-14,North India,Enterprise,Basic,0
CUST-0977,2025-03-25,North India,Enterprise,Basic,0
CUST-0978,2025-09-26,North India,SMB,Enterprise,0
CUST-0979,2025-03-23,South India,Mid-Market,Professional,0
CUST-0980,2025-10-17,North India,Consumer,Basic,1
CUST-0981,2025-12-31,South India,Mid-Market,Professional,0
CUST-0982,2025-05-28,West India,Enterprise,Basic,1
CUST-0983,2025-11-15,North India,Enterprise,Professional,0
CUST-0984,2025-01-03,West India,SMB,Basic,0
CUST-0985,2025-08-15,South India,SMB,Basic,0
CUST-0986,2025-10-13,North India,Mid-Market,Basic,1
CUST-0987,2025-06-28,South India,Consumer,Professional,0
CUST-0988,2025-06-02,South India,Enterprise,Basic,0
CUST-0989,2025-05-26,West India,SMB,Professional,0
CUST-0990,2025-04-01,East India,SMB,Basic,1
CUST-0991,2025-06-03,South India,Consumer,Enterprise,0
CUST-0992,2025-10-09,South India,SMB,Basic,0
CUST-0993,2025-07-31,West India,SMB,Professional,1
CUST-0994,2025-11-19,West India,Enterprise,Professional,0
CUST-0995,2025-12-28,South India,SMB,Basic,0
CUST-0996,2025-07-01,East India,SMB,Professional,0
CUST-0997,2025-09-12,West India,Mid-Market,Professional,0
CUST-0998,2025-04-10,South India,Enterprise,Professional,0
CUST-0999,2025-04-17,North India,Consumer,Basic,0
CUST-1000,2025-11-23,South India,SMB,Professional,0
