ticket_id,customer_id,created_date,category,resolution_hrs,csat_score
TKT-00001,CUST-0001,2026-01-01,Account Access,18.9,
TKT-00002,CUST-0002,2025-12-09,Feature Request,6.3,5.0
TKT-00003,CUST-0002,2025-05-12,Feature Request,42.8,
TKT-00004,CUST-0002,2025-03-22,Billing Inquiry,30.8,3.0
TKT-00005,CUST-0002,2025-04-24,Account Access,32.2,2.0
TKT-00006,CUST-0005,2025-05-10,Technical Outage,42.2,1.0
TKT-00007,CUST-0005,2025-09-29,Technical Outage,3.9,4.0
TKT-00008,CUST-0006,2025-11-14,Cancellation,49.2,2.0
TKT-00009,CUST-0006,2025-02-12,Account Access,24.8,2.0
TKT-00010,CUST-0006,2025-08-25,Account Access,6.7,4.0
TKT-00011,CUST-0006,2025-03-06,Feature Request,37.8,1.0
TKT-00012,CUST-0007,2026-01-01,Cancellation,39.0,1.0
TKT-00013,CUST-0007,2025-03-02,Account Access,14.7,3.0
TKT-00014,CUST-0008,2025-08-29,Account Access,18.4,4.0
TKT-00015,CUST-0009,2025-06-03,Feature Request,19.8,5.0
TKT-00016,CUST-0010,2025-12-03,Technical Outage,8.2,5.0
TKT-00017,CUST-0010,2025-02-16,Billing Inquiry,40.1,3.0
TKT-00018,CUST-0010,2026-01-03,Cancellation,47.0,2.0
TKT-00019,CUST-0011,2025-03-31,Billing Inquiry,4.8,
TKT-00020,CUST-0011,2025-06-16,Technical Outage,0.6,4.0
TKT-00021,CUST-0011,2025-10-29,Account Access,44.2,1.0
TKT-00022,CUST-0012,2025-08-22,Cancellation,51.7,
TKT-00023,CUST-0012,2025-12-25,Cancellation,6.7,1.0
TKT-00024,CUST-0012,2025-03-25,Billing Inquiry,49.7,1.0
TKT-00025,CUST-0012,2025-02-10,Feature Request,20.6,4.0
TKT-00026,CUST-0020,2025-07-23,Cancellation,42.5,1.0
TKT-00027,CUST-0020,2025-08-17,Technical Outage,9.1,5.0
TKT-00028,CUST-0020,2025-02-09,Cancellation,19.9,
TKT-00029,CUST-0020,2025-03-13,Technical Outage,44.7,2.0
TKT-00030,CUST-0025,2025-06-20,Cancellation,28.7,2.0
TKT-00031,CUST-0025,2026-02-12,Cancellation,8.0,2.0
TKT-00032,CUST-0027,2025-05-07,Feature Request,16.6,5.0
TKT-00033,CUST-0027,2025-09-17,Feature Request,19.9,5.0
TKT-00034,CUST-0027,2025-11-24,Account Access,10.1,4.0
TKT-00035,CUST-0028,2025-12-04,Feature Request,1.0,5.0
TKT-00036,CUST-0028,2025-11-17,Account Access,42.2,1.0
TKT-00037,CUST-0029,2025-08-09,Feature Request,44.3,
TKT-00038,CUST-0031,2026-01-03,Billing Inquiry,45.4,
TKT-00039,CUST-0031,2025-03-20,Cancellation,12.1,1.0
TKT-00040,CUST-0031,2026-01-03,Billing Inquiry,31.5,1.0
TKT-00041,CUST-0031,2025-03-06,Account Access,34.8,1.0
TKT-00042,CUST-0034,2025-03-28,Billing Inquiry,5.0,4.0
TKT-00043,CUST-0034,2025-07-19,Technical Outage,25.1,1.0
TKT-00044,CUST-0034,2025-09-02,Account Access,18.6,4.0
TKT-00045,CUST-0035,2025-04-11,Cancellation,20.6,
TKT-00046,CUST-0036,2025-03-25,Billing Inquiry,5.4,5.0
TKT-00047,CUST-0036,2025-11-14,Cancellation,32.9,1.0
TKT-00048,CUST-0036,2025-11-16,Technical Outage,36.1,1.0
TKT-00049,CUST-0037,2025-08-30,Billing Inquiry,44.4,2.0
TKT-00050,CUST-0037,2025-03-27,Technical Outage,3.2,4.0
TKT-00051,CUST-0037,2026-01-14,Feature Request,42.7,1.0
TKT-00052,CUST-0037,2026-02-08,Cancellation,9.2,2.0
TKT-00053,CUST-0039,2025-02-28,Billing Inquiry,37.0,1.0
TKT-00054,CUST-0039,2026-02-01,Billing Inquiry,40.7,1.0
TKT-00055,CUST-0041,2025-03-20,Account Access,48.9,1.0
TKT-00056,CUST-0041,2025-03-18,Technical Outage,18.0,5.0
TKT-00057,CUST-0041,2025-09-04,Technical Outage,8.2,4.0
TKT-00058,CUST-0041,2026-01-09,Feature Request,24.4,2.0
TKT-00059,CUST-0043,2025-07-01,Account Access,1.8,5.0
TKT-00060,CUST-0043,2025-09-23,Cancellation,8.6,1.0
TKT-00061,CUST-0044,2025-02-25,Account Access,7.9,3.0
TKT-00062,CUST-0046,2026-01-26,Billing Inquiry,20.2,3.0
TKT-00063,CUST-0046,2025-09-21,Technical Outage,42.6,1.0
TKT-00064,CUST-0046,2025-06-19,Billing Inquiry,2.4,4.0
TKT-00065,CUST-0046,2025-01-29,Cancellation,11.1,1.0
TKT-00066,CUST-0047,2025-06-25,Technical Outage,33.3,2.0
TKT-00067,CUST-0053,2026-01-02,Billing Inquiry,36.9,1.0
TKT-00068,CUST-0054,2025-03-02,Technical Outage,30.8,1.0
TKT-00069,CUST-0054,2025-09-19,Technical Outage,27.8,
TKT-00070,CUST-0057,2025-05-19,Cancellation,24.7,1.0
TKT-00071,CUST-0057,2026-02-04,Cancellation,0.9,2.0
TKT-00072,CUST-0059,2025-06-14,Technical Outage,37.5,3.0
TKT-00073,CUST-0059,2025-11-27,Account Access,27.8,1.0
TKT-00074,CUST-0059,2025-11-17,Cancellation,51.3,1.0
TKT-00075,CUST-0059,2025-06-27,Billing Inquiry,12.1,5.0
TKT-00076,CUST-0061,2026-01-13,Billing Inquiry,41.5,1.0
TKT-00077,CUST-0061,2025-04-18,Technical Outage,11.1,4.0
TKT-00078,CUST-0061,2026-01-23,Cancellation,34.1,3.0
TKT-00079,CUST-0063,2025-12-11,Billing Inquiry,23.4,5.0
TKT-00080,CUST-0063,2025-12-27,Account Access,14.6,4.0
TKT-00081,CUST-0068,2026-01-13,Billing Inquiry,29.3,1.0
TKT-00082,CUST-0068,2025-07-13,Feature Request,26.2,1.0
TKT-00083,CUST-0068,2025-05-21,Cancellation,39.6,1.0
TKT-00084,CUST-0068,2025-08-31,Cancellation,12.1,1.0
TKT-00085,CUST-0072,2025-08-27,Technical Outage,6.4,5.0
TKT-00086,CUST-0074,2025-08-24,Cancellation,40.1,1.0
TKT-00087,CUST-0074,2026-01-10,Billing Inquiry,42.0,3.0
TKT-00088,CUST-0074,2025-07-16,Billing Inquiry,20.5,5.0
TKT-00089,CUST-0075,2025-12-10,Feature Request,47.0,1.0
TKT-00090,CUST-0076,2025-05-23,Billing Inquiry,20.1,
TKT-00091,CUST-0076,2025-12-02,Billing Inquiry,6.4,5.0
TKT-00092,CUST-0079,2025-04-13,Feature Request,44.7,2.0
TKT-00093,CUST-0079,2025-03-23,Cancellation,11.7,1.0
TKT-00094,CUST-0079,2025-12-20,Feature Request,43.0,1.0
TKT-00095,CUST-0082,2025-07-14,Cancellation,34.2,2.0
TKT-00096,CUST-0082,2025-06-09,Technical Outage,17.5,5.0
TKT-00097,CUST-0084,2025-05-21,Technical Outage,12.2,5.0
TKT-00098,CUST-0086,2025-05-01,Technical Outage,13.1,4.0
TKT-00099,CUST-0086,2025-07-19,Feature Request,6.9,5.0
TKT-00100,CUST-0086,2025-04-30,Account Access,42.3,1.0
TKT-00101,CUST-0088,2025-03-23,Cancellation,26.9,2.0
TKT-00102,CUST-0088,2025-03-18,Account Access,37.8,1.0
TKT-00103,CUST-0088,2025-07-21,Feature Request,38.3,2.0
TKT-00104,CUST-0088,2025-04-14,Cancellation,13.9,3.0
TKT-00105,CUST-0091,2026-01-11,Feature Request,48.4,1.0
TKT-00106,CUST-0091,2025-10-13,Cancellation,31.0,1.0
TKT-00107,CUST-0091,2025-04-13,Cancellation,10.2,
TKT-00108,CUST-0094,2025-04-20,Billing Inquiry,34.0,2.0
TKT-00109,CUST-0094,2026-01-29,Billing Inquiry,47.9,
TKT-00110,CUST-0094,2025-07-21,Account Access,32.8,1.0
TKT-00111,CUST-0094,2025-04-15,Technical Outage,28.2,2.0
TKT-00112,CUST-0095,2025-02-25,Cancellation,6.1,3.0
TKT-00113,CUST-0095,2026-01-28,Account Access,35.4,3.0
TKT-00114,CUST-0095,2025-11-20,Feature Request,49.2,1.0
TKT-00115,CUST-0095,2026-02-06,Billing Inquiry,26.9,1.0
TKT-00116,CUST-0098,2025-03-23,Cancellation,40.9,1.0
TKT-00117,CUST-0098,2025-06-20,Billing Inquiry,20.5,4.0
TKT-00118,CUST-0099,2025-05-15,Technical Outage,22.3,5.0
TKT-00119,CUST-0099,2025-01-23,Technical Outage,12.0,3.0
TKT-00120,CUST-0099,2025-03-09,Account Access,33.0,2.0
TKT-00121,CUST-0099,2025-03-16,Billing Inquiry,44.4,1.0
TKT-00122,CUST-0100,2026-01-14,Feature Request,4.3,4.0
TKT-00123,CUST-0101,2025-06-05,Account Access,51.9,2.0
TKT-00124,CUST-0102,2025-08-02,Technical Outage,13.0,
TKT-00125,CUST-0102,2025-05-31,Account Access,30.2,3.0
TKT-00126,CUST-0102,2025-08-15,Cancellation,27.6,2.0
TKT-00127,CUST-0104,2025-07-06,Cancellation,8.5,1.0
TKT-00128,CUST-0104,2025-05-06,Account Access,11.2,
TKT-00129,CUST-0104,2025-05-15,Billing Inquiry,14.5,3.0
TKT-00130,CUST-0106,2025-12-20,Technical Outage,19.3,5.0
TKT-00131,CUST-0106,2025-03-23,Technical Outage,33.1,2.0
TKT-00132,CUST-0106,2025-11-20,Feature Request,1.1,3.0
TKT-00133,CUST-0108,2025-12-26,Cancellation,5.8,1.0
TKT-00134,CUST-0108,2025-03-12,Feature Request,20.4,4.0
TKT-00135,CUST-0108,2025-05-22,Account Access,2.8,3.0
TKT-00136,CUST-0108,2026-01-09,Technical Outage,33.5,1.0
TKT-00137,CUST-0109,2025-03-03,Feature Request,12.7,5.0
TKT-00138,CUST-0109,2025-07-19,Feature Request,22.5,4.0
TKT-00139,CUST-0109,2025-10-22,Feature Request,24.1,3.0
TKT-00140,CUST-0110,2025-06-27,Cancellation,0.6,3.0
TKT-00141,CUST-0110,2025-12-17,Technical Outage,20.1,5.0
TKT-00142,CUST-0110,2025-03-12,Feature Request,5.7,3.0
TKT-00143,CUST-0110,2025-07-29,Cancellation,43.0,
TKT-00144,CUST-0114,2025-10-30,Feature Request,20.4,4.0
TKT-00145,CUST-0116,2026-02-06,Cancellation,43.0,3.0
TKT-00146,CUST-0116,2025-08-28,Billing Inquiry,8.8,
TKT-00147,CUST-0116,2025-03-03,Feature Request,7.4,5.0
TKT-00148,CUST-0116,2025-02-02,Billing Inquiry,18.9,4.0
TKT-00149,CUST-0118,2025-03-12,Technical Outage,38.9,1.0
TKT-00150,CUST-0119,2025-05-14,Feature Request,9.5,3.0
TKT-00151,CUST-0119,2025-06-22,Billing Inquiry,35.2,1.0
TKT-00152,CUST-0119,2025-09-11,Cancellation,24.9,1.0
TKT-00153,CUST-0120,2025-04-07,Technical Outage,2.5,5.0
TKT-00154,CUST-0120,2025-09-30,Billing Inquiry,33.3,
TKT-00155,CUST-0120,2025-09-05,Account Access,13.6,4.0
TKT-00156,CUST-0120,2025-11-20,Feature Request,11.3,5.0
TKT-00157,CUST-0122,2025-05-27,Feature Request,17.2,5.0
TKT-00158,CUST-0122,2025-03-23,Feature Request,14.4,5.0
TKT-00159,CUST-0122,2025-02-17,Feature Request,12.9,4.0
TKT-00160,CUST-0123,2025-11-02,Account Access,38.1,1.0
TKT-00161,CUST-0123,2025-03-22,Feature Request,16.0,4.0
TKT-00162,CUST-0123,2026-01-09,Billing Inquiry,29.7,2.0
TKT-00163,CUST-0124,2025-07-09,Account Access,30.1,1.0
TKT-00164,CUST-0124,2025-07-22,Billing Inquiry,27.8,1.0
TKT-00165,CUST-0124,2025-11-10,Feature Request,27.3,1.0
TKT-00166,CUST-0124,2025-12-08,Feature Request,46.7,2.0
TKT-00167,CUST-0126,2025-09-25,Billing Inquiry,44.1,3.0
TKT-00168,CUST-0126,2026-01-27,Cancellation,46.2,2.0
TKT-00169,CUST-0130,2025-10-17,Technical Outage,14.7,5.0
TKT-00170,CUST-0131,2025-12-11,Account Access,35.3,1.0
TKT-00171,CUST-0131,2025-11-18,Feature Request,1.6,5.0
TKT-00172,CUST-0131,2025-05-26,Account Access,28.5,1.0
TKT-00173,CUST-0132,2025-06-07,Feature Request,15.9,
TKT-00174,CUST-0136,2025-07-24,Technical Outage,47.2,2.0
TKT-00175,CUST-0136,2025-12-04,Account Access,21.7,4.0
TKT-00176,CUST-0136,2025-06-28,Cancellation,6.9,
TKT-00177,CUST-0136,2026-02-05,Feature Request,25.9,3.0
TKT-00178,CUST-0138,2025-12-13,Feature Request,10.4,5.0
TKT-00179,CUST-0138,2025-04-29,Billing Inquiry,31.4,2.0
TKT-00180,CUST-0138,2025-02-27,Technical Outage,35.8,2.0
TKT-00181,CUST-0139,2025-05-12,Cancellation,25.7,1.0
TKT-00182,CUST-0155,2025-08-29,Cancellation,34.5,1.0
TKT-00183,CUST-0155,2025-05-01,Billing Inquiry,22.8,3.0
TKT-00184,CUST-0155,2025-05-16,Cancellation,3.9,1.0
TKT-00185,CUST-0155,2025-06-20,Cancellation,38.9,1.0
TKT-00186,CUST-0156,2025-05-03,Cancellation,12.4,1.0
TKT-00187,CUST-0156,2025-11-24,Cancellation,14.2,2.0
TKT-00188,CUST-0156,2025-06-14,Technical Outage,31.0,2.0
TKT-00189,CUST-0157,2026-01-25,Cancellation,1.2,2.0
TKT-00190,CUST-0157,2025-05-19,Feature Request,27.3,2.0
TKT-00191,CUST-0157,2025-01-30,Billing Inquiry,11.0,
TKT-00192,CUST-0158,2025-08-03,Cancellation,49.9,
TKT-00193,CUST-0158,2025-03-18,Account Access,12.3,4.0
TKT-00194,CUST-0159,2025-07-16,Billing Inquiry,32.7,1.0
TKT-00195,CUST-0164,2025-08-06,Account Access,7.6,4.0
TKT-00196,CUST-0164,2025-09-22,Billing Inquiry,43.1,2.0
TKT-00197,CUST-0165,2025-02-17,Technical Outage,33.7,1.0
TKT-00198,CUST-0166,2025-12-23,Cancellation,25.0,2.0
TKT-00199,CUST-0166,2025-11-20,Feature Request,49.1,1.0
TKT-00200,CUST-0166,2025-09-29,Feature Request,38.8,1.0
TKT-00201,CUST-0168,2025-05-19,Account Access,9.5,4.0
TKT-00202,CUST-0168,2025-05-15,Technical Outage,26.1,3.0
TKT-00203,CUST-0168,2025-06-27,Cancellation,29.0,
TKT-00204,CUST-0171,2025-04-17,Feature Request,9.6,
TKT-00205,CUST-0172,2025-08-01,Billing Inquiry,20.5,4.0
TKT-00206,CUST-0172,2025-07-31,Cancellation,19.6,2.0
TKT-00207,CUST-0172,2025-06-21,Feature Request,6.2,3.0
TKT-00208,CUST-0172,2025-10-04,Feature Request,9.5,4.0
TKT-00209,CUST-0177,2025-02-18,Feature Request,51.1,1.0
TKT-00210,CUST-0177,2025-12-30,Billing Inquiry,10.9,4.0
TKT-00211,CUST-0177,2025-12-09,Account Access,27.5,1.0
TKT-00212,CUST-0182,2025-08-05,Technical Outage,36.0,2.0
TKT-00213,CUST-0182,2025-11-21,Feature Request,5.0,4.0
TKT-00214,CUST-0183,2025-05-23,Technical Outage,10.6,3.0
TKT-00215,CUST-0183,2025-09-22,Billing Inquiry,11.9,5.0
TKT-00216,CUST-0183,2025-06-10,Technical Outage,47.4,1.0
TKT-00217,CUST-0183,2025-10-02,Billing Inquiry,15.5,4.0
TKT-00218,CUST-0184,2025-08-08,Technical Outage,42.0,1.0
TKT-00219,CUST-0184,2025-06-01,Cancellation,22.8,1.0
TKT-00220,CUST-0184,2025-03-12,Billing Inquiry,1.2,5.0
TKT-00221,CUST-0189,2025-10-24,Cancellation,4.2,1.0
TKT-00222,CUST-0189,2026-01-28,Cancellation,27.6,1.0
TKT-00223,CUST-0189,2025-10-30,Technical Outage,12.5,4.0
TKT-00224,CUST-0190,2026-01-19,Technical Outage,9.4,5.0
TKT-00225,CUST-0190,2025-06-16,Feature Request,23.7,4.0
TKT-00226,CUST-0190,2025-10-27,Billing Inquiry,3.4,5.0
TKT-00227,CUST-0192,2025-06-12,Account Access,3.3,
TKT-00228,CUST-0192,2025-03-12,Feature Request,4.6,4.0
TKT-00229,CUST-0193,2026-01-18,Feature Request,35.6,3.0
TKT-00230,CUST-0193,2025-12-19,Billing Inquiry,51.9,1.0
TKT-00231,CUST-0193,2026-02-12,Technical Outage,0.8,4.0
TKT-00232,CUST-0194,2025-08-09,Feature Request,23.6,3.0
TKT-00233,CUST-0194,2026-02-02,Cancellation,4.3,1.0
TKT-00234,CUST-0194,2025-07-20,Feature Request,33.3,3.0
TKT-00235,CUST-0194,2025-04-05,Cancellation,20.4,1.0
TKT-00236,CUST-0195,2025-09-23,Billing Inquiry,16.2,4.0
TKT-00237,CUST-0197,2025-11-27,Feature Request,17.5,5.0
TKT-00238,CUST-0197,2026-01-17,Feature Request,4.7,4.0
TKT-00239,CUST-0200,2025-06-07,Billing Inquiry,1.9,4.0
TKT-00240,CUST-0200,2026-02-01,Billing Inquiry,34.7,2.0
TKT-00241,CUST-0200,2025-01-30,Account Access,39.7,1.0
TKT-00242,CUST-0202,2025-11-19,Cancellation,41.4,1.0
TKT-00243,CUST-0202,2026-01-12,Billing Inquiry,12.1,3.0
TKT-00244,CUST-0202,2025-02-01,Cancellation,24.2,2.0
TKT-00245,CUST-0202,2025-06-03,Cancellation,48.4,1.0
TKT-00246,CUST-0203,2025-08-30,Account Access,3.0,4.0
TKT-00247,CUST-0203,2025-08-29,Account Access,42.3,1.0
TKT-00248,CUST-0203,2026-01-30,Account Access,28.8,1.0
TKT-00249,CUST-0206,2025-09-17,Cancellation,15.9,1.0
TKT-00250,CUST-0206,2025-07-12,Feature Request,48.6,1.0
TKT-00251,CUST-0206,2025-01-30,Account Access,27.0,2.0
TKT-00252,CUST-0207,2025-03-03,Account Access,35.4,2.0
TKT-00253,CUST-0210,2025-11-03,Feature Request,6.5,4.0
TKT-00254,CUST-0212,2025-12-24,Billing Inquiry,36.3,1.0
TKT-00255,CUST-0212,2025-02-02,Technical Outage,10.4,5.0
TKT-00256,CUST-0212,2026-02-14,Feature Request,50.2,2.0
TKT-00257,CUST-0212,2025-11-30,Account Access,30.8,1.0
TKT-00258,CUST-0213,2025-09-15,Billing Inquiry,2.8,4.0
TKT-00259,CUST-0213,2025-07-17,Billing Inquiry,32.7,1.0
TKT-00260,CUST-0213,2025-12-09,Billing Inquiry,9.5,4.0
TKT-00261,CUST-0217,2025-06-21,Account Access,20.7,5.0
TKT-00262,CUST-0222,2025-04-08,Feature Request,40.7,2.0
TKT-00263,CUST-0222,2025-07-22,Technical Outage,23.3,4.0
TKT-00264,CUST-0225,2026-01-22,Account Access,7.2,5.0
TKT-00265,CUST-0225,2025-02-10,Account Access,20.9,4.0
TKT-00266,CUST-0227,2025-05-10,Billing Inquiry,12.9,4.0
TKT-00267,CUST-0227,2025-05-31,Feature Request,51.1,2.0
TKT-00268,CUST-0227,2025-10-07,Cancellation,11.0,2.0
TKT-00269,CUST-0227,2025-04-02,Cancellation,13.9,1.0
TKT-00270,CUST-0229,2025-09-27,Technical Outage,30.6,1.0
TKT-00271,CUST-0229,2025-03-05,Cancellation,48.8,1.0
TKT-00272,CUST-0229,2025-05-09,Account Access,36.2,1.0
TKT-00273,CUST-0229,2025-02-08,Feature Request,39.4,
TKT-00274,CUST-0241,2025-02-25,Feature Request,34.9,3.0
TKT-00275,CUST-0242,2025-06-15,Technical Outage,5.0,5.0
TKT-00276,CUST-0242,2025-11-10,Technical Outage,42.3,1.0
TKT-00277,CUST-0242,2025-08-15,Account Access,34.1,
TKT-00278,CUST-0245,2025-04-06,Account Access,1.7,4.0
TKT-00279,CUST-0245,2026-01-10,Cancellation,44.5,
TKT-00280,CUST-0245,2025-06-12,Technical Outage,2.0,4.0
TKT-00281,CUST-0248,2025-07-09,Feature Request,18.3,5.0
TKT-00282,CUST-0249,2025-12-13,Feature Request,35.8,2.0
TKT-00283,CUST-0249,2025-08-12,Cancellation,19.5,2.0
TKT-00284,CUST-0249,2025-09-30,Feature Request,26.6,2.0
TKT-00285,CUST-0249,2025-08-22,Account Access,13.8,5.0
TKT-00286,CUST-0250,2025-05-31,Technical Outage,42.6,1.0
TKT-00287,CUST-0250,2025-09-14,Billing Inquiry,48.5,3.0
TKT-00288,CUST-0250,2025-09-26,Feature Request,7.6,4.0
TKT-00289,CUST-0250,2025-10-26,Feature Request,47.6,3.0
TKT-00290,CUST-0253,2025-03-04,Billing Inquiry,22.8,3.0
TKT-00291,CUST-0255,2025-10-31,Billing Inquiry,5.7,4.0
TKT-00292,CUST-0256,2025-02-01,Cancellation,48.8,1.0
TKT-00293,CUST-0258,2025-03-09,Account Access,29.4,1.0
TKT-00294,CUST-0258,2025-04-11,Billing Inquiry,20.1,3.0
TKT-00295,CUST-0261,2025-05-10,Technical Outage,30.6,2.0
TKT-00296,CUST-0261,2025-01-23,Feature Request,41.6,3.0
TKT-00297,CUST-0261,2025-06-16,Technical Outage,49.4,2.0
TKT-00298,CUST-0268,2026-01-01,Technical Outage,4.0,5.0
TKT-00299,CUST-0268,2025-02-08,Account Access,47.6,1.0
TKT-00300,CUST-0268,2025-01-29,Technical Outage,23.3,5.0
TKT-00301,CUST-0268,2025-09-21,Billing Inquiry,30.2,1.0
TKT-00302,CUST-0269,2026-01-13,Technical Outage,44.4,1.0
TKT-00303,CUST-0269,2025-03-08,Billing Inquiry,14.8,4.0
TKT-00304,CUST-0269,2025-03-01,Technical Outage,50.2,2.0
TKT-00305,CUST-0272,2025-04-29,Cancellation,42.3,2.0
TKT-00306,CUST-0273,2026-01-28,Feature Request,7.9,4.0
TKT-00307,CUST-0273,2025-06-22,Cancellation,7.4,2.0
TKT-00308,CUST-0274,2025-08-24,Feature Request,3.1,3.0
TKT-00309,CUST-0277,2025-06-04,Billing Inquiry,14.2,5.0
TKT-00310,CUST-0277,2026-01-16,Feature Request,22.6,4.0
TKT-00311,CUST-0279,2025-03-08,Technical Outage,38.2,1.0
TKT-00312,CUST-0280,2025-07-22,Cancellation,32.0,1.0
TKT-00313,CUST-0280,2025-09-17,Feature Request,46.6,1.0
TKT-00314,CUST-0280,2025-08-02,Account Access,26.0,1.0
TKT-00315,CUST-0280,2025-05-31,Cancellation,37.3,1.0
TKT-00316,CUST-0281,2025-01-27,Technical Outage,9.1,5.0
TKT-00317,CUST-0281,2025-08-25,Feature Request,38.8,1.0
TKT-00318,CUST-0281,2026-01-03,Feature Request,37.7,1.0
TKT-00319,CUST-0282,2025-03-10,Billing Inquiry,1.3,4.0
TKT-00320,CUST-0282,2025-12-04,Billing Inquiry,43.6,1.0
TKT-00321,CUST-0282,2025-12-03,Cancellation,10.4,1.0
TKT-00322,CUST-0282,2025-08-13,Cancellation,3.5,2.0
TKT-00323,CUST-0285,2025-11-12,Billing Inquiry,2.4,4.0
TKT-00324,CUST-0285,2025-05-31,Billing Inquiry,1.4,3.0
TKT-00325,CUST-0285,2025-11-19,Feature Request,3.5,5.0
TKT-00326,CUST-0285,2025-07-05,Feature Request,47.0,1.0
TKT-00327,CUST-0286,2025-02-09,Technical Outage,37.9,2.0
TKT-00328,CUST-0286,2026-01-28,Technical Outage,36.0,1.0
TKT-00329,CUST-0286,2025-07-10,Cancellation,17.0,3.0
TKT-00330,CUST-0287,2025-07-24,Feature Request,47.4,1.0
TKT-00331,CUST-0289,2025-06-07,Billing Inquiry,31.8,1.0
TKT-00332,CUST-0289,2025-07-13,Feature Request,47.3,1.0
TKT-00333,CUST-0290,2025-03-17,Account Access,40.0,1.0
TKT-00334,CUST-0292,2025-05-03,Cancellation,10.8,1.0
TKT-00335,CUST-0292,2026-01-12,Cancellation,6.7,2.0
TKT-00336,CUST-0292,2025-12-22,Account Access,17.9,4.0
TKT-00337,CUST-0295,2025-08-18,Cancellation,26.2,1.0
TKT-00338,CUST-0295,2025-09-30,Technical Outage,25.1,1.0
TKT-00339,CUST-0295,2025-10-27,Feature Request,18.5,5.0
TKT-00340,CUST-0299,2025-12-27,Billing Inquiry,8.3,4.0
TKT-00341,CUST-0299,2025-02-28,Technical Outage,16.5,4.0
TKT-00342,CUST-0300,2025-03-27,Cancellation,6.2,1.0
TKT-00343,CUST-0300,2025-08-02,Technical Outage,4.5,4.0
TKT-00344,CUST-0300,2025-06-02,Billing Inquiry,39.8,1.0
TKT-00345,CUST-0300,2025-06-19,Account Access,38.0,
TKT-00346,CUST-0304,2025-07-30,Technical Outage,32.4,
TKT-00347,CUST-0304,2025-09-23,Feature Request,27.1,3.0
TKT-00348,CUST-0304,2025-04-27,Feature Request,12.6,5.0
TKT-00349,CUST-0304,2025-08-28,Cancellation,14.7,3.0
TKT-00350,CUST-0307,2025-08-06,Feature Request,28.1,1.0
TKT-00351,CUST-0307,2025-10-09,Technical Outage,26.6,2.0
TKT-00352,CUST-0307,2025-08-01,Billing Inquiry,7.8,5.0
TKT-00353,CUST-0310,2025-01-23,Account Access,42.3,1.0
TKT-00354,CUST-0310,2025-02-21,Account Access,45.1,2.0
TKT-00355,CUST-0310,2025-12-31,Cancellation,16.7,3.0
TKT-00356,CUST-0311,2025-04-30,Billing Inquiry,47.5,1.0
TKT-00357,CUST-0311,2025-08-16,Technical Outage,36.0,1.0
TKT-00358,CUST-0311,2025-11-12,Account Access,17.7,4.0
TKT-00359,CUST-0311,2025-03-02,Technical Outage,4.8,4.0
TKT-00360,CUST-0314,2025-11-08,Feature Request,8.8,4.0
TKT-00361,CUST-0314,2026-02-06,Technical Outage,47.4,1.0
TKT-00362,CUST-0317,2025-01-28,Feature Request,3.3,4.0
TKT-00363,CUST-0317,2025-06-26,Account Access,24.4,1.0
TKT-00364,CUST-0317,2025-03-02,Technical Outage,12.8,4.0
TKT-00365,CUST-0317,2025-04-12,Cancellation,44.1,2.0
TKT-00366,CUST-0320,2025-02-12,Account Access,28.6,1.0
TKT-00367,CUST-0320,2025-05-27,Cancellation,41.7,2.0
TKT-00368,CUST-0320,2025-12-05,Account Access,1.9,5.0
TKT-00369,CUST-0321,2025-05-18,Cancellation,6.1,1.0
TKT-00370,CUST-0321,2026-01-13,Cancellation,35.9,1.0
TKT-00371,CUST-0322,2025-08-23,Billing Inquiry,44.8,2.0
TKT-00372,CUST-0322,2025-10-25,Account Access,26.5,2.0
TKT-00373,CUST-0322,2025-04-24,Account Access,31.3,2.0
TKT-00374,CUST-0325,2025-06-20,Feature Request,50.5,1.0
TKT-00375,CUST-0325,2025-03-28,Account Access,26.0,2.0
TKT-00376,CUST-0325,2025-11-26,Billing Inquiry,49.5,1.0
TKT-00377,CUST-0325,2025-06-04,Billing Inquiry,43.2,1.0
TKT-00378,CUST-0327,2025-03-23,Cancellation,26.4,1.0
TKT-00379,CUST-0329,2025-09-06,Billing Inquiry,29.2,3.0
TKT-00380,CUST-0329,2025-11-19,Account Access,6.2,5.0
TKT-00381,CUST-0329,2025-10-27,Technical Outage,35.7,1.0
TKT-00382,CUST-0331,2025-03-22,Cancellation,44.1,1.0
TKT-00383,CUST-0331,2025-03-08,Technical Outage,48.2,3.0
TKT-00384,CUST-0331,2025-07-30,Billing Inquiry,8.8,5.0
TKT-00385,CUST-0331,2025-09-22,Feature Request,39.2,2.0
TKT-00386,CUST-0332,2025-08-25,Technical Outage,20.7,3.0
TKT-00387,CUST-0332,2025-09-18,Billing Inquiry,16.1,3.0
TKT-00388,CUST-0332,2025-09-10,Billing Inquiry,34.3,
TKT-00389,CUST-0334,2025-01-24,Technical Outage,50.9,3.0
TKT-00390,CUST-0334,2025-05-24,Cancellation,32.9,1.0
TKT-00391,CUST-0336,2025-12-11,Technical Outage,36.7,1.0
TKT-00392,CUST-0336,2025-07-27,Feature Request,26.6,1.0
TKT-00393,CUST-0336,2025-07-25,Cancellation,3.8,3.0
TKT-00394,CUST-0336,2025-12-06,Cancellation,41.9,3.0
TKT-00395,CUST-0337,2025-11-24,Technical Outage,32.0,
TKT-00396,CUST-0337,2025-07-26,Cancellation,41.4,1.0
TKT-00397,CUST-0338,2025-06-15,Technical Outage,8.6,3.0
TKT-00398,CUST-0338,2025-10-05,Account Access,48.6,2.0
TKT-00399,CUST-0338,2025-11-12,Billing Inquiry,10.1,4.0
TKT-00400,CUST-0340,2025-05-28,Feature Request,35.3,2.0
TKT-00401,CUST-0340,2025-12-10,Account Access,38.9,
TKT-00402,CUST-0342,2025-07-22,Account Access,41.4,1.0
TKT-00403,CUST-0342,2025-07-31,Billing Inquiry,20.7,
TKT-00404,CUST-0342,2025-07-18,Account Access,33.2,2.0
TKT-00405,CUST-0344,2025-06-14,Account Access,3.1,5.0
TKT-00406,CUST-0344,2025-08-10,Technical Outage,49.7,1.0
TKT-00407,CUST-0344,2025-02-17,Technical Outage,20.4,4.0
TKT-00408,CUST-0344,2026-01-04,Account Access,17.7,4.0
TKT-00409,CUST-0345,2025-02-24,Cancellation,32.8,1.0
TKT-00410,CUST-0345,2025-04-24,Technical Outage,26.6,2.0
TKT-00411,CUST-0346,2025-09-14,Feature Request,46.2,1.0
TKT-00412,CUST-0346,2025-06-20,Billing Inquiry,0.5,4.0
TKT-00413,CUST-0348,2025-02-04,Technical Outage,19.7,4.0
TKT-00414,CUST-0348,2025-06-07,Cancellation,23.4,1.0
TKT-00415,CUST-0348,2025-01-31,Cancellation,25.1,1.0
TKT-00416,CUST-0348,2025-06-02,Billing Inquiry,41.8,2.0
TKT-00417,CUST-0349,2026-01-04,Feature Request,12.3,4.0
TKT-00418,CUST-0349,2025-03-11,Feature Request,44.1,1.0
TKT-00419,CUST-0351,2025-04-01,Account Access,29.3,2.0
TKT-00420,CUST-0352,2025-03-20,Technical Outage,48.1,3.0
TKT-00421,CUST-0355,2025-08-31,Cancellation,17.1,2.0
TKT-00422,CUST-0356,2025-04-06,Technical Outage,14.0,
TKT-00423,CUST-0356,2025-10-29,Cancellation,22.3,2.0
TKT-00424,CUST-0362,2025-01-27,Cancellation,45.6,
TKT-00425,CUST-0362,2025-02-17,Feature Request,37.4,1.0
TKT-00426,CUST-0362,2025-02-04,Feature Request,5.4,4.0
TKT-00427,CUST-0362,2026-01-29,Feature Request,1.6,5.0
TKT-00428,CUST-0363,2025-02-10,Account Access,32.4,1.0
TKT-00429,CUST-0363,2025-11-06,Technical Outage,17.0,3.0
TKT-00430,CUST-0363,2025-04-05,Feature Request,22.8,4.0
TKT-00431,CUST-0364,2025-12-20,Billing Inquiry,3.9,
TKT-00432,CUST-0364,2025-10-30,Billing Inquiry,7.6,5.0
TKT-00433,CUST-0364,2025-08-05,Feature Request,28.3,1.0
TKT-00434,CUST-0365,2025-10-22,Technical Outage,44.3,2.0
TKT-00435,CUST-0365,2025-08-18,Cancellation,28.6,1.0
TKT-00436,CUST-0366,2025-07-06,Account Access,26.8,2.0
TKT-00437,CUST-0366,2025-11-27,Technical Outage,45.7,2.0
TKT-00438,CUST-0366,2025-12-27,Cancellation,22.6,2.0
TKT-00439,CUST-0369,2025-12-18,Cancellation,13.6,1.0
TKT-00440,CUST-0369,2026-01-11,Cancellation,16.4,1.0
TKT-00441,CUST-0369,2025-06-04,Feature Request,31.2,2.0
TKT-00442,CUST-0370,2025-02-19,Account Access,42.6,1.0
TKT-00443,CUST-0370,2025-06-28,Account Access,42.9,
TKT-00444,CUST-0374,2025-03-01,Cancellation,13.4,1.0
TKT-00445,CUST-0375,2025-10-27,Cancellation,28.3,2.0
TKT-00446,CUST-0376,2025-03-19,Billing Inquiry,2.8,4.0
TKT-00447,CUST-0378,2025-05-31,Feature Request,44.6,1.0
TKT-00448,CUST-0378,2025-12-31,Technical Outage,18.5,4.0
TKT-00449,CUST-0378,2026-01-11,Billing Inquiry,29.5,
TKT-00450,CUST-0380,2025-07-25,Technical Outage,21.2,5.0
TKT-00451,CUST-0380,2025-03-29,Billing Inquiry,21.4,4.0
TKT-00452,CUST-0380,2025-08-31,Technical Outage,35.5,3.0
TKT-00453,CUST-0381,2025-12-15,Account Access,15.9,5.0
TKT-00454,CUST-0381,2025-09-12,Account Access,9.0,4.0
TKT-00455,CUST-0381,2025-08-28,Cancellation,50.2,
TKT-00456,CUST-0381,2026-02-11,Feature Request,29.5,1.0
TKT-00457,CUST-0382,2026-01-25,Account Access,10.8,4.0
TKT-00458,CUST-0388,2025-09-09,Technical Outage,5.1,3.0
TKT-00459,CUST-0388,2025-07-03,Technical Outage,40.8,3.0
TKT-00460,CUST-0388,2025-11-14,Technical Outage,11.2,5.0
TKT-00461,CUST-0388,2026-01-11,Feature Request,34.9,2.0
TKT-00462,CUST-0389,2025-10-01,Feature Request,48.0,1.0
TKT-00463,CUST-0390,2025-12-05,Cancellation,28.1,1.0
TKT-00464,CUST-0390,2025-10-06,Technical Outage,5.5,5.0
TKT-00465,CUST-0390,2025-09-02,Account Access,44.5,
TKT-00466,CUST-0390,2025-12-28,Cancellation,47.9,3.0
TKT-00467,CUST-0394,2025-07-28,Technical Outage,36.2,3.0
TKT-00468,CUST-0394,2026-01-22,Account Access,25.1,1.0
TKT-00469,CUST-0397,2025-01-24,Technical Outage,28.7,1.0
TKT-00470,CUST-0397,2025-10-01,Technical Outage,11.3,3.0
TKT-00471,CUST-0397,2025-04-10,Billing Inquiry,21.3,5.0
TKT-00472,CUST-0397,2025-09-01,Technical Outage,31.6,2.0
TKT-00473,CUST-0400,2025-04-17,Cancellation,29.5,1.0
TKT-00474,CUST-0400,2025-04-18,Account Access,28.4,2.0
TKT-00475,CUST-0400,2025-08-10,Billing Inquiry,33.0,2.0
TKT-00476,CUST-0401,2025-10-07,Cancellation,31.8,3.0
TKT-00477,CUST-0401,2025-02-26,Cancellation,4.5,2.0
TKT-00478,CUST-0401,2025-04-27,Billing Inquiry,47.9,1.0
TKT-00479,CUST-0404,2025-08-22,Feature Request,45.3,2.0
TKT-00480,CUST-0404,2025-08-21,Technical Outage,13.8,5.0
TKT-00481,CUST-0404,2026-02-12,Feature Request,51.8,1.0
TKT-00482,CUST-0405,2026-02-10,Feature Request,43.9,
TKT-00483,CUST-0405,2025-05-14,Technical Outage,23.2,3.0
TKT-00484,CUST-0405,2025-09-03,Feature Request,41.6,1.0
TKT-00485,CUST-0405,2025-02-10,Account Access,41.9,
TKT-00486,CUST-0408,2025-08-23,Cancellation,48.1,2.0
TKT-00487,CUST-0408,2025-12-28,Cancellation,5.5,1.0
TKT-00488,CUST-0408,2025-10-07,Cancellation,1.1,2.0
TKT-00489,CUST-0410,2025-01-30,Cancellation,48.9,1.0
TKT-00490,CUST-0410,2025-04-08,Account Access,43.5,1.0
TKT-00491,CUST-0411,2025-05-16,Feature Request,32.4,3.0
TKT-00492,CUST-0411,2025-09-01,Billing Inquiry,5.1,
TKT-00493,CUST-0411,2025-10-18,Feature Request,41.1,1.0
TKT-00494,CUST-0411,2025-02-24,Feature Request,36.0,1.0
TKT-00495,CUST-0414,2025-04-04,Account Access,3.9,5.0
TKT-00496,CUST-0415,2025-09-25,Billing Inquiry,26.9,1.0
TKT-00497,CUST-0416,2026-01-13,Account Access,7.7,
TKT-00498,CUST-0416,2025-09-01,Feature Request,28.4,3.0
TKT-00499,CUST-0417,2025-05-13,Technical Outage,34.8,2.0
TKT-00500,CUST-0417,2026-01-16,Account Access,11.3,4.0
TKT-00501,CUST-0418,2025-06-25,Technical Outage,46.0,3.0
TKT-00502,CUST-0420,2025-12-29,Feature Request,13.2,5.0
TKT-00503,CUST-0422,2025-11-01,Billing Inquiry,48.7,1.0
TKT-00504,CUST-0422,2025-06-14,Billing Inquiry,15.0,4.0
TKT-00505,CUST-0422,2025-02-22,Billing Inquiry,22.9,5.0
TKT-00506,CUST-0423,2026-02-05,Cancellation,44.6,2.0
TKT-00507,CUST-0423,2025-11-30,Technical Outage,37.4,2.0
TKT-00508,CUST-0423,2025-07-06,Technical Outage,51.9,3.0
TKT-00509,CUST-0424,2025-12-30,Billing Inquiry,29.0,2.0
TKT-00510,CUST-0428,2025-08-06,Billing Inquiry,9.6,3.0
TKT-00511,CUST-0428,2025-12-25,Account Access,45.6,3.0
TKT-00512,CUST-0431,2025-07-07,Technical Outage,3.9,3.0
TKT-00513,CUST-0433,2025-10-27,Account Access,11.2,3.0
TKT-00514,CUST-0433,2025-05-21,Technical Outage,42.6,2.0
TKT-00515,CUST-0436,2025-05-17,Account Access,38.7,1.0
TKT-00516,CUST-0436,2026-02-04,Feature Request,33.6,1.0
TKT-00517,CUST-0436,2025-06-27,Feature Request,7.6,4.0
TKT-00518,CUST-0436,2025-07-12,Cancellation,51.5,2.0
TKT-00519,CUST-0437,2026-01-11,Billing Inquiry,10.5,
TKT-00520,CUST-0437,2025-11-20,Cancellation,45.0,3.0
TKT-00521,CUST-0437,2025-07-24,Technical Outage,37.3,1.0
TKT-00522,CUST-0438,2025-03-26,Technical Outage,26.7,3.0
TKT-00523,CUST-0438,2025-06-02,Billing Inquiry,46.5,2.0
TKT-00524,CUST-0438,2025-04-06,Feature Request,45.9,1.0
TKT-00525,CUST-0439,2026-02-01,Technical Outage,48.3,1.0
TKT-00526,CUST-0439,2025-03-12,Technical Outage,6.1,3.0
TKT-00527,CUST-0440,2025-05-06,Account Access,24.7,
TKT-00528,CUST-0440,2025-04-23,Billing Inquiry,49.2,2.0
TKT-00529,CUST-0443,2025-03-01,Billing Inquiry,27.1,1.0
TKT-00530,CUST-0444,2025-10-07,Account Access,30.6,1.0
TKT-00531,CUST-0445,2025-04-27,Cancellation,42.0,2.0
TKT-00532,CUST-0450,2026-02-13,Cancellation,8.4,2.0
TKT-00533,CUST-0453,2025-06-06,Technical Outage,11.0,4.0
TKT-00534,CUST-0456,2025-07-29,Cancellation,37.5,1.0
TKT-00535,CUST-0456,2025-10-16,Account Access,25.5,3.0
TKT-00536,CUST-0458,2025-11-08,Billing Inquiry,9.7,4.0
TKT-00537,CUST-0458,2025-04-12,Technical Outage,34.3,3.0
TKT-00538,CUST-0458,2025-12-11,Account Access,14.5,4.0
TKT-00539,CUST-0458,2025-11-15,Technical Outage,35.8,1.0
TKT-00540,CUST-0462,2025-04-09,Feature Request,29.1,2.0
TKT-00541,CUST-0462,2025-09-15,Account Access,28.4,2.0
TKT-00542,CUST-0463,2025-04-28,Cancellation,39.4,1.0
TKT-00543,CUST-0463,2025-07-22,Cancellation,19.8,2.0
TKT-00544,CUST-0463,2025-03-16,Feature Request,3.3,4.0
TKT-00545,CUST-0463,2025-05-30,Feature Request,50.1,1.0
TKT-00546,CUST-0466,2025-08-22,Technical Outage,11.7,4.0
TKT-00547,CUST-0466,2025-10-07,Billing Inquiry,4.2,4.0
TKT-00548,CUST-0468,2026-01-16,Feature Request,16.3,4.0
TKT-00549,CUST-0471,2025-09-18,Billing Inquiry,3.0,3.0
TKT-00550,CUST-0471,2025-06-01,Billing Inquiry,48.9,1.0
TKT-00551,CUST-0471,2025-12-14,Feature Request,46.6,3.0
TKT-00552,CUST-0472,2025-10-14,Feature Request,44.5,1.0
TKT-00553,CUST-0472,2025-11-17,Feature Request,1.7,5.0
TKT-00554,CUST-0472,2025-08-31,Billing Inquiry,41.8,1.0
TKT-00555,CUST-0478,2025-10-01,Feature Request,17.1,5.0
TKT-00556,CUST-0480,2025-08-31,Cancellation,36.5,
TKT-00557,CUST-0480,2025-10-07,Cancellation,34.4,3.0
TKT-00558,CUST-0482,2025-07-21,Cancellation,36.5,2.0
TKT-00559,CUST-0482,2025-06-10,Account Access,23.0,5.0
TKT-00560,CUST-0482,2025-06-22,Billing Inquiry,29.7,
TKT-00561,CUST-0482,2025-07-13,Feature Request,41.2,1.0
TKT-00562,CUST-0484,2025-05-17,Billing Inquiry,51.1,1.0
TKT-00563,CUST-0484,2026-01-06,Account Access,36.5,2.0
TKT-00564,CUST-0484,2025-05-15,Billing Inquiry,26.3,1.0
TKT-00565,CUST-0485,2025-08-09,Billing Inquiry,43.1,1.0
TKT-00566,CUST-0485,2025-10-14,Feature Request,50.3,1.0
TKT-00567,CUST-0486,2025-02-13,Account Access,36.7,2.0
TKT-00568,CUST-0488,2025-10-11,Cancellation,15.0,
TKT-00569,CUST-0488,2025-06-18,Technical Outage,1.5,5.0
TKT-00570,CUST-0488,2025-08-23,Account Access,45.6,1.0
TKT-00571,CUST-0488,2025-05-17,Feature Request,2.9,5.0
TKT-00572,CUST-0489,2026-01-22,Account Access,37.7,1.0
TKT-00573,CUST-0489,2025-10-05,Technical Outage,24.4,2.0
TKT-00574,CUST-0489,2026-02-08,Billing Inquiry,40.4,2.0
TKT-00575,CUST-0489,2025-10-17,Technical Outage,38.6,2.0
TKT-00576,CUST-0490,2025-06-08,Technical Outage,41.5,1.0
TKT-00577,CUST-0490,2025-09-06,Billing Inquiry,27.9,2.0
TKT-00578,CUST-0493,2025-09-19,Technical Outage,43.6,1.0
TKT-00579,CUST-0493,2025-06-29,Account Access,10.0,4.0
TKT-00580,CUST-0493,2025-09-11,Cancellation,48.1,1.0
TKT-00581,CUST-0496,2025-05-27,Technical Outage,22.3,4.0
TKT-00582,CUST-0496,2026-01-26,Billing Inquiry,17.6,4.0
TKT-00583,CUST-0497,2025-09-02,Technical Outage,30.8,2.0
TKT-00584,CUST-0497,2026-01-15,Billing Inquiry,14.5,3.0
TKT-00585,CUST-0498,2025-03-04,Technical Outage,20.8,4.0
TKT-00586,CUST-0498,2025-11-05,Billing Inquiry,21.0,3.0
TKT-00587,CUST-0498,2025-09-09,Feature Request,39.5,3.0
TKT-00588,CUST-0498,2025-10-04,Feature Request,2.4,3.0
TKT-00589,CUST-0506,2025-02-25,Cancellation,21.4,1.0
TKT-00590,CUST-0507,2025-11-10,Technical Outage,42.9,2.0
TKT-00591,CUST-0507,2025-10-23,Technical Outage,20.5,5.0
TKT-00592,CUST-0507,2026-01-16,Account Access,30.5,2.0
TKT-00593,CUST-0507,2025-11-07,Account Access,38.4,3.0
TKT-00594,CUST-0518,2025-08-15,Technical Outage,14.9,4.0
TKT-00595,CUST-0518,2025-11-29,Feature Request,41.2,1.0
TKT-00596,CUST-0519,2025-09-24,Feature Request,45.6,3.0
TKT-00597,CUST-0519,2025-04-29,Technical Outage,7.9,5.0
TKT-00598,CUST-0519,2025-02-01,Feature Request,16.2,4.0
TKT-00599,CUST-0519,2025-10-14,Feature Request,26.3,2.0
TKT-00600,CUST-0520,2025-11-12,Feature Request,14.0,
TKT-00601,CUST-0520,2025-03-27,Cancellation,51.7,2.0
TKT-00602,CUST-0520,2025-05-14,Account Access,45.1,1.0
TKT-00603,CUST-0521,2025-04-29,Cancellation,34.5,1.0
TKT-00604,CUST-0521,2026-01-24,Account Access,45.1,1.0
TKT-00605,CUST-0521,2025-04-11,Cancellation,28.9,
TKT-00606,CUST-0525,2025-05-15,Cancellation,35.9,1.0
TKT-00607,CUST-0525,2025-07-01,Billing Inquiry,9.6,4.0
TKT-00608,CUST-0525,2025-03-05,Feature Request,41.5,2.0
TKT-00609,CUST-0525,2025-02-14,Feature Request,20.3,4.0
TKT-00610,CUST-0526,2025-05-19,Technical Outage,33.5,3.0
TKT-00611,CUST-0529,2025-02-20,Account Access,28.2,1.0
TKT-00612,CUST-0530,2025-11-10,Technical Outage,29.4,3.0
TKT-00613,CUST-0530,2025-02-10,Account Access,32.8,1.0
TKT-00614,CUST-0532,2025-12-23,Technical Outage,41.8,1.0
TKT-00615,CUST-0532,2026-01-23,Cancellation,6.7,1.0
TKT-00616,CUST-0533,2025-07-02,Account Access,3.3,3.0
TKT-00617,CUST-0533,2025-05-31,Billing Inquiry,42.2,3.0
TKT-00618,CUST-0533,2025-03-12,Feature Request,43.8,3.0
TKT-00619,CUST-0534,2025-06-17,Billing Inquiry,12.1,5.0
TKT-00620,CUST-0534,2026-01-31,Cancellation,19.7,1.0
TKT-00621,CUST-0535,2026-01-25,Billing Inquiry,11.7,4.0
TKT-00622,CUST-0535,2026-01-22,Cancellation,16.7,3.0
TKT-00623,CUST-0536,2025-10-01,Technical Outage,16.8,4.0
TKT-00624,CUST-0536,2025-06-07,Cancellation,4.9,
TKT-00625,CUST-0540,2025-03-09,Billing Inquiry,17.4,4.0
TKT-00626,CUST-0540,2025-12-26,Technical Outage,42.4,3.0
TKT-00627,CUST-0541,2025-12-21,Technical Outage,33.3,2.0
TKT-00628,CUST-0541,2025-12-03,Feature Request,35.9,1.0
TKT-00629,CUST-0541,2025-09-17,Cancellation,41.1,3.0
TKT-00630,CUST-0542,2025-11-21,Billing Inquiry,6.1,4.0
TKT-00631,CUST-0547,2025-03-18,Billing Inquiry,48.9,3.0
TKT-00632,CUST-0547,2025-11-03,Cancellation,7.6,1.0
TKT-00633,CUST-0547,2025-07-18,Account Access,49.5,
TKT-00634,CUST-0548,2025-12-10,Technical Outage,36.8,1.0
TKT-00635,CUST-0548,2025-04-05,Cancellation,50.6,2.0
TKT-00636,CUST-0551,2025-08-02,Feature Request,21.7,5.0
TKT-00637,CUST-0551,2025-03-10,Account Access,23.4,5.0
TKT-00638,CUST-0551,2025-04-03,Account Access,42.6,3.0
TKT-00639,CUST-0554,2025-07-18,Cancellation,23.7,1.0
TKT-00640,CUST-0556,2025-02-12,Account Access,34.9,1.0
TKT-00641,CUST-0556,2025-10-28,Cancellation,24.8,2.0
TKT-00642,CUST-0556,2025-03-21,Cancellation,9.9,
TKT-00643,CUST-0556,2025-12-31,Technical Outage,42.7,1.0
TKT-00644,CUST-0557,2025-01-28,Technical Outage,21.3,3.0
TKT-00645,CUST-0557,2025-10-14,Feature Request,17.0,3.0
TKT-00646,CUST-0557,2025-08-30,Technical Outage,9.0,5.0
TKT-00647,CUST-0558,2025-08-17,Billing Inquiry,15.5,5.0
TKT-00648,CUST-0562,2025-02-08,Feature Request,34.7,1.0
TKT-00649,CUST-0562,2025-09-14,Billing Inquiry,43.9,1.0
TKT-00650,CUST-0562,2025-08-13,Cancellation,26.9,1.0
TKT-00651,CUST-0562,2025-06-08,Feature Request,12.1,4.0
TKT-00652,CUST-0563,2025-08-22,Cancellation,23.9,1.0
TKT-00653,CUST-0563,2025-03-22,Billing Inquiry,51.0,1.0
TKT-00654,CUST-0564,2026-01-08,Technical Outage,2.7,4.0
TKT-00655,CUST-0564,2025-12-01,Cancellation,1.0,1.0
TKT-00656,CUST-0564,2025-07-14,Cancellation,42.1,1.0
TKT-00657,CUST-0566,2026-02-07,Feature Request,36.5,2.0
TKT-00658,CUST-0566,2025-02-07,Feature Request,51.4,1.0
TKT-00659,CUST-0566,2025-12-29,Feature Request,45.1,2.0
TKT-00660,CUST-0566,2026-01-30,Technical Outage,39.4,1.0
TKT-00661,CUST-0567,2025-11-25,Billing Inquiry,9.9,
TKT-00662,CUST-0567,2025-03-12,Account Access,46.3,2.0
TKT-00663,CUST-0567,2025-11-15,Feature Request,47.0,3.0
TKT-00664,CUST-0569,2025-12-28,Cancellation,46.3,3.0
TKT-00665,CUST-0569,2025-09-02,Cancellation,43.0,1.0
TKT-00666,CUST-0569,2025-06-12,Cancellation,44.7,2.0
TKT-00667,CUST-0572,2025-10-20,Account Access,37.1,1.0
TKT-00668,CUST-0572,2025-10-27,Cancellation,43.3,1.0
TKT-00669,CUST-0572,2025-01-27,Feature Request,37.6,2.0
TKT-00670,CUST-0572,2025-03-14,Technical Outage,5.9,5.0
TKT-00671,CUST-0574,2025-05-26,Billing Inquiry,50.0,1.0
TKT-00672,CUST-0574,2025-07-29,Feature Request,20.6,5.0
TKT-00673,CUST-0575,2026-01-04,Feature Request,42.8,2.0
TKT-00674,CUST-0578,2025-06-21,Billing Inquiry,24.1,3.0
TKT-00675,CUST-0578,2026-02-12,Feature Request,37.5,2.0
TKT-00676,CUST-0578,2025-06-05,Account Access,50.7,3.0
TKT-00677,CUST-0578,2025-07-14,Cancellation,49.7,1.0
TKT-00678,CUST-0581,2025-07-28,Account Access,45.3,1.0
TKT-00679,CUST-0581,2025-08-10,Billing Inquiry,42.1,3.0
TKT-00680,CUST-0582,2026-02-09,Feature Request,47.0,
TKT-00681,CUST-0582,2025-05-09,Technical Outage,20.2,4.0
TKT-00682,CUST-0582,2025-09-07,Billing Inquiry,4.8,4.0
TKT-00683,CUST-0582,2025-09-13,Cancellation,20.6,1.0
TKT-00684,CUST-0583,2025-04-10,Technical Outage,16.5,4.0
TKT-00685,CUST-0583,2025-04-19,Cancellation,47.3,1.0
TKT-00686,CUST-0583,2026-01-21,Cancellation,11.1,1.0
TKT-00687,CUST-0583,2025-09-05,Account Access,33.0,1.0
TKT-00688,CUST-0584,2025-08-21,Billing Inquiry,6.5,5.0
TKT-00689,CUST-0584,2025-08-26,Account Access,20.2,5.0
TKT-00690,CUST-0585,2025-02-08,Technical Outage,17.4,4.0
TKT-00691,CUST-0585,2025-03-13,Account Access,35.1,2.0
TKT-00692,CUST-0585,2025-06-28,Cancellation,37.6,1.0
TKT-00693,CUST-0586,2025-03-17,Cancellation,44.1,1.0
TKT-00694,CUST-0586,2025-09-30,Account Access,0.8,4.0
TKT-00695,CUST-0586,2025-09-09,Account Access,16.3,
TKT-00696,CUST-0586,2025-08-01,Technical Outage,34.6,3.0
TKT-00697,CUST-0588,2025-10-03,Billing Inquiry,47.7,3.0
TKT-00698,CUST-0588,2025-09-11,Technical Outage,21.6,5.0
TKT-00699,CUST-0589,2025-05-19,Cancellation,3.4,3.0
TKT-00700,CUST-0589,2025-02-12,Account Access,47.0,1.0
TKT-00701,CUST-0589,2025-04-14,Technical Outage,21.8,5.0
TKT-00702,CUST-0589,2025-06-02,Account Access,36.5,1.0
TKT-00703,CUST-0593,2025-04-11,Technical Outage,20.8,5.0
TKT-00704,CUST-0596,2025-07-13,Account Access,9.5,5.0
TKT-00705,CUST-0596,2025-03-06,Account Access,22.7,4.0
TKT-00706,CUST-0596,2025-08-25,Billing Inquiry,16.0,
TKT-00707,CUST-0599,2025-10-10,Billing Inquiry,50.1,1.0
TKT-00708,CUST-0599,2026-02-14,Billing Inquiry,25.8,1.0
TKT-00709,CUST-0599,2026-02-08,Billing Inquiry,18.6,5.0
TKT-00710,CUST-0599,2025-01-25,Feature Request,10.5,4.0
TKT-00711,CUST-0602,2025-10-26,Account Access,3.5,4.0
TKT-00712,CUST-0602,2025-06-27,Cancellation,28.7,2.0
TKT-00713,CUST-0604,2025-01-27,Cancellation,43.3,2.0
TKT-00714,CUST-0604,2025-10-18,Account Access,11.5,5.0
TKT-00715,CUST-0606,2025-06-07,Billing Inquiry,48.5,1.0
TKT-00716,CUST-0606,2025-12-15,Billing Inquiry,10.9,3.0
TKT-00717,CUST-0606,2025-06-15,Cancellation,18.5,2.0
TKT-00718,CUST-0610,2025-10-11,Cancellation,47.8,1.0
TKT-00719,CUST-0616,2026-01-25,Billing Inquiry,9.2,5.0
TKT-00720,CUST-0616,2025-09-13,Billing Inquiry,43.1,1.0
TKT-00721,CUST-0616,2025-04-03,Account Access,29.8,1.0
TKT-00722,CUST-0620,2025-07-15,Account Access,47.2,
TKT-00723,CUST-0621,2025-03-29,Account Access,4.4,4.0
TKT-00724,CUST-0621,2026-01-03,Account Access,33.5,1.0
TKT-00725,CUST-0621,2026-01-31,Account Access,22.4,
TKT-00726,CUST-0622,2025-08-19,Technical Outage,43.3,2.0
TKT-00727,CUST-0625,2025-11-03,Feature Request,20.9,5.0
TKT-00728,CUST-0625,2025-12-11,Feature Request,23.5,5.0
TKT-00729,CUST-0626,2025-07-08,Billing Inquiry,43.8,1.0
TKT-00730,CUST-0628,2025-05-03,Feature Request,21.4,3.0
TKT-00731,CUST-0628,2025-04-30,Technical Outage,19.5,4.0
TKT-00732,CUST-0629,2025-09-27,Feature Request,32.3,2.0
TKT-00733,CUST-0629,2025-10-21,Account Access,0.6,4.0
TKT-00734,CUST-0629,2025-09-08,Technical Outage,41.1,2.0
TKT-00735,CUST-0630,2025-07-29,Account Access,16.4,5.0
TKT-00736,CUST-0630,2025-05-20,Billing Inquiry,35.3,1.0
TKT-00737,CUST-0630,2025-11-16,Billing Inquiry,25.1,1.0
TKT-00738,CUST-0632,2025-09-16,Feature Request,14.1,5.0
TKT-00739,CUST-0632,2025-11-17,Technical Outage,14.8,5.0
TKT-00740,CUST-0632,2025-02-26,Account Access,36.6,1.0
TKT-00741,CUST-0632,2025-12-19,Account Access,11.1,4.0
TKT-00742,CUST-0634,2025-05-25,Technical Outage,11.5,
TKT-00743,CUST-0637,2025-09-03,Technical Outage,51.9,1.0
TKT-00744,CUST-0637,2025-11-21,Billing Inquiry,10.7,3.0
TKT-00745,CUST-0637,2025-06-09,Technical Outage,2.8,3.0
TKT-00746,CUST-0638,2025-06-10,Technical Outage,15.5,5.0
TKT-00747,CUST-0640,2025-12-24,Account Access,27.6,2.0
TKT-00748,CUST-0641,2025-06-29,Technical Outage,33.1,1.0
TKT-00749,CUST-0642,2026-02-05,Feature Request,20.4,5.0
TKT-00750,CUST-0642,2025-08-28,Account Access,27.8,
TKT-00751,CUST-0643,2025-05-07,Account Access,1.3,5.0
TKT-00752,CUST-0643,2025-09-30,Feature Request,44.1,2.0
TKT-00753,CUST-0643,2025-10-07,Feature Request,1.4,4.0
TKT-00754,CUST-0643,2025-12-31,Account Access,2.1,4.0
TKT-00755,CUST-0644,2025-05-30,Technical Outage,29.2,1.0
TKT-00756,CUST-0644,2025-09-23,Feature Request,9.4,3.0
TKT-00757,CUST-0644,2025-10-26,Billing Inquiry,18.4,4.0
TKT-00758,CUST-0650,2025-10-14,Account Access,42.9,
TKT-00759,CUST-0652,2025-11-10,Technical Outage,34.5,2.0
TKT-00760,CUST-0652,2025-07-24,Account Access,23.7,5.0
TKT-00761,CUST-0653,2026-02-12,Feature Request,9.8,3.0
TKT-00762,CUST-0655,2025-06-19,Cancellation,45.7,2.0
TKT-00763,CUST-0655,2025-12-10,Technical Outage,35.6,1.0
TKT-00764,CUST-0655,2025-12-17,Billing Inquiry,47.6,1.0
TKT-00765,CUST-0656,2025-09-05,Billing Inquiry,48.7,2.0
TKT-00766,CUST-0656,2025-02-10,Feature Request,40.7,2.0
TKT-00767,CUST-0656,2025-12-20,Cancellation,3.7,2.0
TKT-00768,CUST-0657,2025-03-29,Cancellation,9.3,1.0
TKT-00769,CUST-0657,2025-11-14,Billing Inquiry,15.3,3.0
TKT-00770,CUST-0657,2025-07-07,Cancellation,9.4,2.0
TKT-00771,CUST-0658,2025-07-17,Cancellation,46.3,1.0
TKT-00772,CUST-0662,2025-03-04,Account Access,17.1,4.0
TKT-00773,CUST-0662,2025-12-25,Account Access,46.9,2.0
TKT-00774,CUST-0662,2025-12-30,Billing Inquiry,2.0,4.0
TKT-00775,CUST-0663,2025-06-11,Account Access,11.7,5.0
TKT-00776,CUST-0663,2025-07-14,Account Access,28.5,1.0
TKT-00777,CUST-0664,2025-08-23,Account Access,24.2,1.0
TKT-00778,CUST-0664,2025-02-04,Technical Outage,47.9,3.0
TKT-00779,CUST-0664,2026-01-02,Technical Outage,14.8,4.0
TKT-00780,CUST-0664,2025-06-10,Account Access,32.0,3.0
TKT-00781,CUST-0665,2026-01-08,Billing Inquiry,28.6,1.0
TKT-00782,CUST-0665,2025-08-19,Cancellation,11.0,1.0
TKT-00783,CUST-0665,2025-04-03,Cancellation,30.8,1.0
TKT-00784,CUST-0666,2025-02-04,Feature Request,31.0,1.0
TKT-00785,CUST-0667,2025-06-11,Account Access,37.0,1.0
TKT-00786,CUST-0669,2025-04-28,Account Access,48.0,3.0
TKT-00787,CUST-0669,2026-01-23,Billing Inquiry,5.8,3.0
TKT-00788,CUST-0669,2026-02-06,Cancellation,43.7,2.0
TKT-00789,CUST-0670,2025-02-26,Billing Inquiry,14.3,5.0
TKT-00790,CUST-0670,2025-09-16,Billing Inquiry,20.3,3.0
TKT-00791,CUST-0670,2025-05-02,Cancellation,3.1,2.0
TKT-00792,CUST-0672,2025-03-18,Billing Inquiry,27.2,2.0
TKT-00793,CUST-0672,2025-11-02,Technical Outage,35.8,1.0
TKT-00794,CUST-0672,2026-01-20,Feature Request,2.4,3.0
TKT-00795,CUST-0672,2025-02-13,Cancellation,46.2,1.0
TKT-00796,CUST-0676,2025-07-31,Feature Request,3.6,5.0
TKT-00797,CUST-0676,2025-07-01,Cancellation,15.4,2.0
TKT-00798,CUST-0680,2025-08-07,Account Access,35.0,1.0
TKT-00799,CUST-0680,2026-02-09,Cancellation,21.6,
TKT-00800,CUST-0680,2025-07-15,Technical Outage,39.4,2.0
TKT-00801,CUST-0680,2025-03-06,Technical Outage,38.8,1.0
TKT-00802,CUST-0687,2025-11-04,Cancellation,50.0,2.0
TKT-00803,CUST-0687,2025-10-14,Feature Request,7.7,4.0
TKT-00804,CUST-0687,2025-11-14,Billing Inquiry,29.9,1.0
TKT-00805,CUST-0691,2026-01-20,Cancellation,43.1,1.0
TKT-00806,CUST-0691,2025-03-02,Technical Outage,1.1,5.0
TKT-00807,CUST-0691,2025-10-09,Account Access,1.9,
TKT-00808,CUST-0692,2025-08-27,Feature Request,8.3,5.0
TKT-00809,CUST-0692,2025-03-26,Technical Outage,18.7,4.0
TKT-00810,CUST-0692,2025-09-14,Account Access,41.7,2.0
TKT-00811,CUST-0695,2025-06-03,Feature Request,47.7,3.0
TKT-00812,CUST-0695,2025-08-24,Account Access,3.3,4.0
TKT-00813,CUST-0695,2025-09-03,Billing Inquiry,4.0,3.0
TKT-00814,CUST-0702,2025-07-15,Account Access,29.1,2.0
TKT-00815,CUST-0702,2025-03-14,Account Access,33.8,1.0
TKT-00816,CUST-0707,2026-01-08,Billing Inquiry,37.5,1.0
TKT-00817,CUST-0708,2025-07-08,Cancellation,39.7,1.0
TKT-00818,CUST-0708,2025-03-23,Cancellation,33.0,1.0
TKT-00819,CUST-0708,2025-05-06,Account Access,27.2,1.0
TKT-00820,CUST-0708,2025-02-24,Cancellation,19.2,1.0
TKT-00821,CUST-0712,2025-01-30,Feature Request,47.0,
TKT-00822,CUST-0714,2025-12-22,Feature Request,46.6,1.0
TKT-00823,CUST-0714,2025-02-09,Billing Inquiry,10.5,
TKT-00824,CUST-0714,2025-10-25,Account Access,51.7,3.0
TKT-00825,CUST-0714,2025-06-24,Account Access,44.1,
TKT-00826,CUST-0716,2025-04-19,Technical Outage,24.7,3.0
TKT-00827,CUST-0716,2025-12-19,Account Access,7.6,4.0
TKT-00828,CUST-0716,2025-06-10,Account Access,0.7,3.0
TKT-00829,CUST-0724,2025-11-18,Technical Outage,46.6,
TKT-00830,CUST-0724,2025-03-10,Technical Outage,15.4,5.0
TKT-00831,CUST-0724,2025-10-08,Account Access,23.0,3.0
TKT-00832,CUST-0724,2025-10-04,Account Access,52.0,3.0
TKT-00833,CUST-0726,2026-01-08,Cancellation,28.5,1.0
TKT-00834,CUST-0726,2025-04-29,Feature Request,48.2,1.0
TKT-00835,CUST-0726,2025-10-02,Feature Request,23.5,5.0
TKT-00836,CUST-0726,2025-10-19,Technical Outage,15.8,5.0
TKT-00837,CUST-0729,2025-05-10,Cancellation,6.7,1.0
TKT-00838,CUST-0729,2025-03-28,Cancellation,27.2,2.0
TKT-00839,CUST-0730,2025-07-03,Feature Request,5.3,4.0
TKT-00840,CUST-0730,2025-02-15,Feature Request,48.0,1.0
TKT-00841,CUST-0730,2025-07-11,Feature Request,25.5,1.0
TKT-00842,CUST-0730,2025-03-19,Technical Outage,22.2,
TKT-00843,CUST-0731,2026-01-27,Feature Request,30.6,3.0
TKT-00844,CUST-0731,2025-03-15,Billing Inquiry,36.0,3.0
TKT-00845,CUST-0734,2026-02-03,Technical Outage,36.0,
TKT-00846,CUST-0734,2025-06-30,Feature Request,18.1,5.0
TKT-00847,CUST-0734,2025-07-29,Technical Outage,24.5,1.0
TKT-00848,CUST-0735,2025-05-03,Account Access,8.1,4.0
TKT-00849,CUST-0735,2025-09-21,Billing Inquiry,8.9,4.0
TKT-00850,CUST-0735,2025-07-01,Billing Inquiry,15.4,5.0
TKT-00851,CUST-0736,2025-02-13,Billing Inquiry,30.4,2.0
TKT-00852,CUST-0736,2026-01-23,Cancellation,19.7,3.0
TKT-00853,CUST-0737,2025-01-29,Cancellation,48.0,1.0
TKT-00854,CUST-0737,2026-01-17,Cancellation,24.8,3.0
TKT-00855,CUST-0737,2025-02-07,Billing Inquiry,11.1,5.0
TKT-00856,CUST-0737,2025-11-11,Account Access,43.4,2.0
TKT-00857,CUST-0740,2025-06-04,Account Access,4.1,4.0
TKT-00858,CUST-0740,2025-12-09,Cancellation,33.8,1.0
TKT-00859,CUST-0741,2025-09-26,Cancellation,15.2,
TKT-00860,CUST-0741,2026-02-03,Feature Request,40.9,1.0
TKT-00861,CUST-0741,2025-01-27,Account Access,39.7,1.0
TKT-00862,CUST-0744,2025-08-06,Billing Inquiry,1.4,
TKT-00863,CUST-0746,2025-12-04,Feature Request,13.1,3.0
TKT-00864,CUST-0747,2025-01-24,Cancellation,32.2,1.0
TKT-00865,CUST-0747,2025-09-04,Feature Request,34.3,1.0
TKT-00866,CUST-0747,2025-03-22,Feature Request,38.5,1.0
TKT-00867,CUST-0749,2026-02-06,Technical Outage,36.0,2.0
TKT-00868,CUST-0749,2025-10-21,Technical Outage,20.4,5.0
TKT-00869,CUST-0750,2025-05-30,Billing Inquiry,44.3,2.0
TKT-00870,CUST-0750,2025-04-01,Cancellation,35.9,2.0
TKT-00871,CUST-0750,2026-01-29,Feature Request,25.7,1.0
TKT-00872,CUST-0750,2025-10-25,Cancellation,24.2,1.0
TKT-00873,CUST-0751,2025-07-14,Feature Request,43.2,2.0
TKT-00874,CUST-0751,2025-12-19,Billing Inquiry,20.0,5.0
TKT-00875,CUST-0751,2026-02-05,Technical Outage,43.5,1.0
TKT-00876,CUST-0751,2025-05-05,Technical Outage,9.0,4.0
TKT-00877,CUST-0752,2025-09-27,Technical Outage,32.2,1.0
TKT-00878,CUST-0752,2025-03-05,Cancellation,32.8,2.0
TKT-00879,CUST-0752,2025-02-04,Technical Outage,44.6,2.0
TKT-00880,CUST-0752,2025-04-21,Cancellation,21.3,2.0
TKT-00881,CUST-0753,2025-06-29,Cancellation,45.4,2.0
TKT-00882,CUST-0753,2025-11-03,Billing Inquiry,12.4,4.0
TKT-00883,CUST-0753,2025-04-13,Technical Outage,38.8,1.0
TKT-00884,CUST-0753,2025-03-05,Account Access,24.3,2.0
TKT-00885,CUST-0754,2025-10-19,Technical Outage,22.3,5.0
TKT-00886,CUST-0754,2025-03-27,Technical Outage,1.4,5.0
TKT-00887,CUST-0754,2025-07-07,Technical Outage,22.4,3.0
TKT-00888,CUST-0754,2025-10-24,Billing Inquiry,46.3,3.0
TKT-00889,CUST-0755,2025-10-16,Cancellation,48.8,3.0
TKT-00890,CUST-0755,2025-03-01,Technical Outage,9.1,3.0
TKT-00891,CUST-0759,2025-03-10,Billing Inquiry,4.5,4.0
TKT-00892,CUST-0759,2025-07-10,Technical Outage,47.3,1.0
TKT-00893,CUST-0760,2025-02-24,Cancellation,32.9,1.0
TKT-00894,CUST-0761,2025-12-08,Billing Inquiry,4.8,5.0
TKT-00895,CUST-0761,2025-07-05,Billing Inquiry,34.7,1.0
TKT-00896,CUST-0761,2025-04-13,Feature Request,3.6,3.0
TKT-00897,CUST-0763,2025-02-20,Cancellation,9.9,
TKT-00898,CUST-0763,2025-11-06,Billing Inquiry,30.8,
TKT-00899,CUST-0763,2025-12-02,Cancellation,5.4,2.0
TKT-00900,CUST-0767,2025-03-18,Feature Request,6.8,4.0
TKT-00901,CUST-0767,2025-03-23,Account Access,16.9,
TKT-00902,CUST-0767,2025-07-18,Cancellation,12.2,3.0
TKT-00903,CUST-0768,2025-04-12,Account Access,17.8,4.0
TKT-00904,CUST-0769,2025-12-01,Cancellation,38.8,1.0
TKT-00905,CUST-0769,2026-01-05,Technical Outage,49.0,2.0
TKT-00906,CUST-0769,2025-07-12,Billing Inquiry,42.0,2.0
TKT-00907,CUST-0769,2025-02-25,Account Access,28.9,1.0
TKT-00908,CUST-0771,2025-02-07,Feature Request,27.7,1.0
TKT-00909,CUST-0771,2025-03-13,Cancellation,19.6,1.0
TKT-00910,CUST-0771,2025-02-01,Account Access,43.9,1.0
TKT-00911,CUST-0775,2026-01-19,Account Access,5.8,3.0
TKT-00912,CUST-0777,2025-05-06,Feature Request,12.6,4.0
TKT-00913,CUST-0777,2025-10-04,Billing Inquiry,17.1,5.0
TKT-00914,CUST-0777,2025-01-31,Billing Inquiry,37.6,3.0
TKT-00915,CUST-0777,2025-11-04,Account Access,46.3,3.0
TKT-00916,CUST-0778,2025-05-26,Feature Request,37.3,
TKT-00917,CUST-0778,2025-09-02,Feature Request,50.2,1.0
TKT-00918,CUST-0778,2025-06-26,Technical Outage,39.8,1.0
TKT-00919,CUST-0780,2025-08-21,Technical Outage,31.2,1.0
TKT-00920,CUST-0780,2026-01-12,Cancellation,6.0,2.0
TKT-00921,CUST-0782,2025-03-02,Feature Request,47.7,3.0
TKT-00922,CUST-0782,2025-12-03,Technical Outage,24.3,1.0
TKT-00923,CUST-0782,2025-03-07,Technical Outage,19.5,5.0
TKT-00924,CUST-0784,2025-02-01,Billing Inquiry,4.7,3.0
TKT-00925,CUST-0784,2025-12-31,Account Access,26.3,1.0
TKT-00926,CUST-0784,2025-09-19,Cancellation,40.9,2.0
TKT-00927,CUST-0784,2025-11-13,Technical Outage,29.9,1.0
TKT-00928,CUST-0786,2025-04-03,Feature Request,29.0,1.0
TKT-00929,CUST-0786,2025-11-27,Billing Inquiry,44.6,3.0
TKT-00930,CUST-0786,2025-02-03,Cancellation,51.9,1.0
TKT-00931,CUST-0786,2025-12-28,Account Access,0.7,5.0
TKT-00932,CUST-0787,2025-04-24,Feature Request,38.7,2.0
TKT-00933,CUST-0790,2025-12-13,Cancellation,14.1,
TKT-00934,CUST-0790,2025-03-20,Cancellation,1.9,3.0
TKT-00935,CUST-0790,2025-08-19,Billing Inquiry,26.0,3.0
TKT-00936,CUST-0790,2025-10-03,Cancellation,33.1,
TKT-00937,CUST-0792,2025-04-30,Billing Inquiry,6.5,4.0
TKT-00938,CUST-0792,2025-10-17,Account Access,15.0,3.0
TKT-00939,CUST-0794,2025-05-05,Billing Inquiry,13.3,4.0
TKT-00940,CUST-0794,2026-01-29,Feature Request,37.0,2.0
TKT-00941,CUST-0795,2025-07-23,Billing Inquiry,11.7,4.0
TKT-00942,CUST-0795,2026-02-02,Billing Inquiry,1.0,4.0
TKT-00943,CUST-0795,2025-10-09,Technical Outage,23.0,
TKT-00944,CUST-0795,2025-04-04,Billing Inquiry,7.9,5.0
TKT-00945,CUST-0798,2025-02-14,Account Access,34.5,2.0
TKT-00946,CUST-0798,2025-09-19,Cancellation,19.3,2.0
TKT-00947,CUST-0799,2025-11-24,Account Access,7.7,
TKT-00948,CUST-0799,2025-11-21,Account Access,13.1,4.0
TKT-00949,CUST-0799,2025-09-07,Cancellation,13.9,2.0
TKT-00950,CUST-0799,2025-12-24,Technical Outage,6.7,4.0
TKT-00951,CUST-0805,2025-07-08,Account Access,4.2,5.0
TKT-00952,CUST-0805,2025-05-01,Account Access,22.4,3.0
TKT-00953,CUST-0806,2025-10-17,Cancellation,46.1,2.0
TKT-00954,CUST-0809,2025-03-01,Technical Outage,49.5,
TKT-00955,CUST-0809,2025-09-08,Feature Request,28.4,2.0
TKT-00956,CUST-0809,2025-12-30,Account Access,49.8,1.0
TKT-00957,CUST-0809,2025-08-23,Feature Request,49.4,2.0
TKT-00958,CUST-0810,2025-06-27,Technical Outage,14.6,4.0
TKT-00959,CUST-0810,2025-07-11,Feature Request,31.1,
TKT-00960,CUST-0810,2025-09-11,Account Access,6.1,4.0
TKT-00961,CUST-0812,2025-11-14,Billing Inquiry,43.9,2.0
TKT-00962,CUST-0812,2025-10-23,Account Access,39.7,
TKT-00963,CUST-0812,2025-09-17,Technical Outage,29.0,2.0
TKT-00964,CUST-0812,2025-06-18,Technical Outage,23.4,3.0
TKT-00965,CUST-0813,2025-10-16,Cancellation,24.1,1.0
TKT-00966,CUST-0813,2025-09-05,Account Access,5.1,5.0
TKT-00967,CUST-0814,2025-09-20,Account Access,2.7,
TKT-00968,CUST-0814,2025-12-06,Cancellation,48.0,1.0
TKT-00969,CUST-0814,2025-03-02,Billing Inquiry,47.6,2.0
TKT-00970,CUST-0814,2025-04-02,Account Access,17.8,4.0
TKT-00971,CUST-0816,2025-08-18,Account Access,43.8,3.0
TKT-00972,CUST-0816,2025-08-22,Feature Request,28.4,1.0
TKT-00973,CUST-0816,2026-01-21,Cancellation,4.8,1.0
TKT-00974,CUST-0817,2025-04-30,Account Access,15.9,4.0
TKT-00975,CUST-0817,2025-04-12,Billing Inquiry,36.7,1.0
TKT-00976,CUST-0817,2025-09-06,Account Access,33.5,1.0
TKT-00977,CUST-0817,2025-09-20,Technical Outage,6.7,4.0
TKT-00978,CUST-0818,2025-05-27,Cancellation,51.1,1.0
TKT-00979,CUST-0821,2025-11-12,Account Access,22.8,5.0
TKT-00980,CUST-0821,2025-01-29,Account Access,42.2,1.0
TKT-00981,CUST-0822,2025-02-04,Technical Outage,10.2,4.0
TKT-00982,CUST-0822,2025-11-19,Feature Request,42.7,1.0
TKT-00983,CUST-0822,2025-11-03,Technical Outage,22.5,4.0
TKT-00984,CUST-0823,2025-07-09,Account Access,6.4,5.0
TKT-00985,CUST-0823,2025-07-27,Feature Request,29.6,3.0
TKT-00986,CUST-0823,2025-09-21,Technical Outage,51.5,
TKT-00987,CUST-0824,2025-10-26,Billing Inquiry,25.1,1.0
TKT-00988,CUST-0824,2025-11-16,Cancellation,50.6,2.0
TKT-00989,CUST-0825,2025-11-15,Account Access,11.5,5.0
TKT-00990,CUST-0825,2025-02-10,Billing Inquiry,16.5,4.0
TKT-00991,CUST-0826,2026-01-26,Feature Request,51.5,1.0
TKT-00992,CUST-0826,2025-02-15,Billing Inquiry,23.2,5.0
TKT-00993,CUST-0826,2025-11-01,Billing Inquiry,28.1,1.0
TKT-00994,CUST-0827,2025-12-03,Cancellation,24.9,1.0
TKT-00995,CUST-0827,2025-07-03,Technical Outage,7.0,5.0
TKT-00996,CUST-0828,2025-10-30,Account Access,36.6,1.0
TKT-00997,CUST-0829,2025-03-21,Cancellation,39.7,2.0
TKT-00998,CUST-0829,2025-04-24,Feature Request,22.0,4.0
TKT-00999,CUST-0829,2025-03-21,Billing Inquiry,45.2,1.0
TKT-01000,CUST-0831,2026-01-15,Billing Inquiry,22.3,5.0
TKT-01001,CUST-0833,2025-10-09,Billing Inquiry,2.0,5.0
TKT-01002,CUST-0833,2025-01-23,Account Access,9.2,
TKT-01003,CUST-0834,2025-02-23,Account Access,13.3,3.0
TKT-01004,CUST-0834,2025-06-16,Cancellation,26.6,1.0
TKT-01005,CUST-0834,2025-01-31,Billing Inquiry,25.0,3.0
TKT-01006,CUST-0834,2025-02-21,Billing Inquiry,4.2,
TKT-01007,CUST-0836,2025-10-28,Billing Inquiry,15.4,4.0
TKT-01008,CUST-0836,2025-09-26,Billing Inquiry,4.4,5.0
TKT-01009,CUST-0836,2025-04-30,Cancellation,26.0,3.0
TKT-01010,CUST-0836,2025-05-23,Cancellation,9.2,1.0
TKT-01011,CUST-0837,2026-01-31,Billing Inquiry,34.3,3.0
TKT-01012,CUST-0839,2025-05-30,Technical Outage,39.3,1.0
TKT-01013,CUST-0839,2026-01-28,Feature Request,11.4,5.0
TKT-01014,CUST-0839,2025-08-05,Billing Inquiry,49.8,2.0
TKT-01015,CUST-0839,2025-08-02,Account Access,50.3,2.0
TKT-01016,CUST-0840,2025-04-19,Technical Outage,8.6,4.0
TKT-01017,CUST-0840,2025-04-07,Cancellation,45.0,2.0
TKT-01018,CUST-0840,2026-02-07,Technical Outage,8.7,4.0
TKT-01019,CUST-0840,2026-01-07,Technical Outage,9.8,3.0
TKT-01020,CUST-0841,2025-12-20,Feature Request,27.7,1.0
TKT-01021,CUST-0841,2025-02-26,Account Access,11.8,5.0
TKT-01022,CUST-0841,2026-01-12,Billing Inquiry,38.1,1.0
TKT-01023,CUST-0841,2026-02-05,Cancellation,37.0,3.0
TKT-01024,CUST-0844,2025-11-23,Account Access,51.0,1.0
TKT-01025,CUST-0844,2025-07-29,Technical Outage,7.6,5.0
TKT-01026,CUST-0845,2025-11-18,Account Access,40.1,
TKT-01027,CUST-0845,2025-02-03,Cancellation,9.6,1.0
TKT-01028,CUST-0848,2025-07-15,Feature Request,40.2,2.0
TKT-01029,CUST-0848,2026-01-31,Feature Request,7.8,5.0
TKT-01030,CUST-0848,2025-09-15,Technical Outage,25.7,1.0
TKT-01031,CUST-0850,2025-10-20,Technical Outage,10.9,5.0
TKT-01032,CUST-0850,2026-01-09,Account Access,33.4,2.0
TKT-01033,CUST-0850,2025-09-30,Cancellation,18.0,1.0
TKT-01034,CUST-0852,2025-07-08,Technical Outage,6.4,5.0
TKT-01035,CUST-0852,2025-07-17,Account Access,36.3,2.0
TKT-01036,CUST-0852,2025-07-20,Account Access,2.3,4.0
TKT-01037,CUST-0852,2025-09-23,Billing Inquiry,19.1,5.0
TKT-01038,CUST-0853,2025-05-16,Technical Outage,19.4,4.0
TKT-01039,CUST-0853,2025-07-30,Feature Request,1.4,4.0
TKT-01040,CUST-0854,2026-01-17,Technical Outage,38.0,1.0
TKT-01041,CUST-0855,2025-02-02,Technical Outage,7.3,3.0
TKT-01042,CUST-0855,2025-05-17,Cancellation,51.9,3.0
TKT-01043,CUST-0857,2025-10-23,Account Access,32.9,3.0
TKT-01044,CUST-0857,2026-02-06,Account Access,22.2,3.0
TKT-01045,CUST-0857,2025-12-06,Cancellation,50.5,2.0
TKT-01046,CUST-0857,2025-10-24,Account Access,41.8,3.0
TKT-01047,CUST-0859,2025-11-04,Billing Inquiry,30.2,2.0
TKT-01048,CUST-0859,2025-11-10,Billing Inquiry,5.0,3.0
TKT-01049,CUST-0859,2025-10-17,Feature Request,30.5,1.0
TKT-01050,CUST-0859,2025-07-03,Billing Inquiry,42.5,1.0
TKT-01051,CUST-0860,2025-12-03,Account Access,31.7,2.0
TKT-01052,CUST-0860,2025-04-28,Technical Outage,3.3,5.0
TKT-01053,CUST-0866,2025-11-24,Account Access,47.5,
TKT-01054,CUST-0866,2025-03-12,Cancellation,19.9,1.0
TKT-01055,CUST-0867,2025-07-13,Billing Inquiry,51.7,1.0
TKT-01056,CUST-0873,2025-07-31,Cancellation,24.8,1.0
TKT-01057,CUST-0873,2025-02-16,Cancellation,1.3,
TKT-01058,CUST-0873,2025-04-26,Technical Outage,21.9,5.0
TKT-01059,CUST-0873,2025-10-06,Cancellation,16.3,3.0
TKT-01060,CUST-0875,2025-12-04,Account Access,13.1,5.0
TKT-01061,CUST-0875,2025-07-26,Technical Outage,29.5,1.0
TKT-01062,CUST-0875,2025-05-14,Billing Inquiry,39.8,
TKT-01063,CUST-0878,2025-05-22,Account Access,6.9,3.0
TKT-01064,CUST-0878,2025-12-26,Cancellation,47.2,1.0
TKT-01065,CUST-0881,2025-02-25,Technical Outage,44.1,2.0
TKT-01066,CUST-0881,2025-03-11,Feature Request,39.5,1.0
TKT-01067,CUST-0882,2025-10-11,Feature Request,29.5,2.0
TKT-01068,CUST-0882,2026-01-01,Technical Outage,36.5,2.0
TKT-01069,CUST-0882,2025-09-12,Account Access,44.0,1.0
TKT-01070,CUST-0882,2025-03-14,Billing Inquiry,3.1,5.0
TKT-01071,CUST-0883,2025-04-02,Technical Outage,47.6,1.0
TKT-01072,CUST-0883,2025-05-23,Technical Outage,24.9,1.0
TKT-01073,CUST-0883,2026-01-11,Technical Outage,33.6,1.0
TKT-01074,CUST-0884,2025-05-01,Technical Outage,42.7,3.0
TKT-01075,CUST-0884,2025-07-30,Billing Inquiry,30.5,1.0
TKT-01076,CUST-0886,2025-03-04,Account Access,48.6,2.0
TKT-01077,CUST-0886,2025-06-16,Cancellation,45.7,1.0
TKT-01078,CUST-0888,2025-09-01,Cancellation,24.9,2.0
TKT-01079,CUST-0889,2025-09-26,Technical Outage,24.5,1.0
TKT-01080,CUST-0890,2025-10-27,Feature Request,27.8,1.0
TKT-01081,CUST-0890,2025-09-05,Billing Inquiry,5.8,4.0
TKT-01082,CUST-0890,2025-11-02,Cancellation,5.7,1.0
TKT-01083,CUST-0891,2025-04-19,Technical Outage,48.5,1.0
TKT-01084,CUST-0891,2025-07-12,Cancellation,22.6,1.0
TKT-01085,CUST-0892,2025-05-17,Feature Request,47.3,1.0
TKT-01086,CUST-0892,2025-02-28,Billing Inquiry,6.8,5.0
TKT-01087,CUST-0893,2025-07-25,Account Access,42.9,2.0
TKT-01088,CUST-0894,2026-01-28,Account Access,6.1,5.0
TKT-01089,CUST-0895,2025-05-22,Feature Request,9.4,3.0
TKT-01090,CUST-0895,2025-12-02,Cancellation,43.4,3.0
TKT-01091,CUST-0895,2026-01-13,Cancellation,1.9,2.0
TKT-01092,CUST-0896,2025-08-30,Cancellation,1.0,3.0
TKT-01093,CUST-0896,2025-08-09,Cancellation,25.0,2.0
TKT-01094,CUST-0896,2025-12-09,Billing Inquiry,23.4,5.0
TKT-01095,CUST-0896,2026-01-21,Account Access,6.4,4.0
TKT-01096,CUST-0898,2026-01-09,Cancellation,24.0,1.0
TKT-01097,CUST-0898,2025-11-05,Technical Outage,47.9,1.0
TKT-01098,CUST-0898,2025-12-13,Billing Inquiry,9.9,5.0
TKT-01099,CUST-0901,2026-01-22,Cancellation,9.9,2.0
TKT-01100,CUST-0901,2025-09-17,Account Access,13.0,4.0
TKT-01101,CUST-0901,2025-11-02,Technical Outage,2.6,3.0
TKT-01102,CUST-0902,2025-07-25,Technical Outage,50.5,2.0
TKT-01103,CUST-0902,2025-05-21,Account Access,7.1,4.0
TKT-01104,CUST-0903,2025-08-23,Feature Request,12.2,5.0
TKT-01105,CUST-0903,2025-12-22,Account Access,33.3,3.0
TKT-01106,CUST-0903,2025-09-21,Technical Outage,20.0,4.0
TKT-01107,CUST-0904,2025-02-14,Technical Outage,37.7,
TKT-01108,CUST-0905,2025-09-26,Account Access,29.6,
TKT-01109,CUST-0906,2025-07-24,Technical Outage,9.8,4.0
TKT-01110,CUST-0909,2025-08-28,Technical Outage,25.5,
TKT-01111,CUST-0910,2025-06-15,Feature Request,38.9,1.0
TKT-01112,CUST-0910,2026-01-29,Account Access,14.5,5.0
TKT-01113,CUST-0910,2025-11-30,Billing Inquiry,34.8,3.0
TKT-01114,CUST-0911,2025-07-18,Billing Inquiry,7.3,4.0
TKT-01115,CUST-0911,2025-05-29,Account Access,43.8,1.0
TKT-01116,CUST-0911,2025-12-19,Billing Inquiry,41.0,1.0
TKT-01117,CUST-0911,2025-11-01,Account Access,23.1,5.0
TKT-01118,CUST-0914,2025-06-08,Feature Request,3.4,5.0
TKT-01119,CUST-0914,2025-07-14,Account Access,21.0,5.0
TKT-01120,CUST-0914,2025-12-22,Billing Inquiry,10.1,5.0
TKT-01121,CUST-0919,2025-04-10,Billing Inquiry,11.1,
TKT-01122,CUST-0919,2025-12-13,Billing Inquiry,32.9,1.0
TKT-01123,CUST-0919,2025-05-22,Account Access,22.1,4.0
TKT-01124,CUST-0919,2025-08-31,Cancellation,33.6,1.0
TKT-01125,CUST-0921,2025-12-16,Account Access,1.6,4.0
TKT-01126,CUST-0921,2025-05-22,Billing Inquiry,30.6,1.0
TKT-01127,CUST-0921,2025-06-10,Feature Request,32.1,2.0
TKT-01128,CUST-0921,2025-08-08,Billing Inquiry,19.2,3.0
TKT-01129,CUST-0922,2025-08-22,Technical Outage,7.7,4.0
TKT-01130,CUST-0922,2025-09-06,Feature Request,45.9,1.0
TKT-01131,CUST-0926,2025-08-31,Account Access,1.8,4.0
TKT-01132,CUST-0928,2025-03-02,Account Access,29.6,1.0
TKT-01133,CUST-0928,2025-05-02,Technical Outage,20.0,4.0
TKT-01134,CUST-0928,2025-04-19,Cancellation,2.1,2.0
TKT-01135,CUST-0928,2026-02-04,Account Access,13.8,4.0
TKT-01136,CUST-0930,2025-08-21,Billing Inquiry,41.2,3.0
TKT-01137,CUST-0930,2025-08-18,Cancellation,6.3,3.0
TKT-01138,CUST-0930,2025-07-25,Account Access,24.5,
TKT-01139,CUST-0933,2025-09-02,Cancellation,50.9,
TKT-01140,CUST-0937,2025-02-21,Account Access,2.1,5.0
TKT-01141,CUST-0937,2025-04-15,Technical Outage,14.2,4.0
TKT-01142,CUST-0937,2025-09-02,Billing Inquiry,16.6,3.0
TKT-01143,CUST-0937,2025-07-18,Cancellation,20.7,1.0
TKT-01144,CUST-0941,2026-01-03,Cancellation,38.9,2.0
TKT-01145,CUST-0943,2025-01-24,Feature Request,36.0,
TKT-01146,CUST-0943,2025-08-15,Feature Request,21.0,3.0
TKT-01147,CUST-0943,2025-03-30,Feature Request,21.7,
TKT-01148,CUST-0943,2025-07-30,Billing Inquiry,22.2,5.0
TKT-01149,CUST-0945,2025-03-17,Feature Request,9.7,4.0
TKT-01150,CUST-0945,2025-12-26,Feature Request,26.2,1.0
TKT-01151,CUST-0945,2025-07-16,Billing Inquiry,11.3,
TKT-01152,CUST-0945,2025-06-10,Cancellation,1.6,1.0
TKT-01153,CUST-0946,2026-01-07,Cancellation,50.0,2.0
TKT-01154,CUST-0946,2025-12-19,Technical Outage,48.5,1.0
TKT-01155,CUST-0946,2025-11-29,Billing Inquiry,23.5,4.0
TKT-01156,CUST-0947,2025-11-29,Billing Inquiry,50.9,1.0
TKT-01157,CUST-0947,2026-01-29,Cancellation,15.5,2.0
TKT-01158,CUST-0948,2025-08-01,Technical Outage,5.2,4.0
TKT-01159,CUST-0948,2025-11-16,Feature Request,22.3,
TKT-01160,CUST-0953,2025-10-26,Feature Request,8.9,4.0
TKT-01161,CUST-0953,2025-03-24,Billing Inquiry,16.5,4.0
TKT-01162,CUST-0954,2025-09-25,Cancellation,36.1,2.0
TKT-01163,CUST-0954,2025-01-25,Feature Request,45.4,2.0
TKT-01164,CUST-0954,2025-10-21,Cancellation,49.0,
TKT-01165,CUST-0957,2025-06-30,Technical Outage,30.5,3.0
TKT-01166,CUST-0959,2025-07-17,Billing Inquiry,48.4,2.0
TKT-01167,CUST-0959,2025-11-05,Technical Outage,28.1,2.0
TKT-01168,CUST-0959,2025-06-08,Technical Outage,4.4,4.0
TKT-01169,CUST-0960,2025-08-21,Feature Request,9.7,4.0
TKT-01170,CUST-0960,2025-11-16,Technical Outage,3.2,5.0
TKT-01171,CUST-0960,2025-09-26,Billing Inquiry,45.9,1.0
TKT-01172,CUST-0960,2026-02-06,Cancellation,10.7,2.0
TKT-01173,CUST-0961,2025-03-20,Account Access,9.4,
TKT-01174,CUST-0964,2025-05-24,Technical Outage,47.6,1.0
TKT-01175,CUST-0964,2025-07-27,Billing Inquiry,23.9,4.0
TKT-01176,CUST-0964,2025-11-01,Cancellation,51.4,1.0
TKT-01177,CUST-0964,2025-07-19,Billing Inquiry,34.7,1.0
TKT-01178,CUST-0965,2025-02-15,Technical Outage,22.9,5.0
TKT-01179,CUST-0966,2025-09-12,Account Access,16.9,5.0
TKT-01180,CUST-0966,2025-07-09,Feature Request,45.7,2.0
TKT-01181,CUST-0968,2025-10-24,Account Access,30.9,1.0
TKT-01182,CUST-0970,2025-10-07,Feature Request,30.2,2.0
TKT-01183,CUST-0974,2025-04-11,Cancellation,14.2,2.0
TKT-01184,CUST-0974,2025-09-17,Account Access,32.9,1.0
TKT-01185,CUST-0975,2025-09-15,Billing Inquiry,38.9,
TKT-01186,CUST-0975,2025-11-10,Technical Outage,3.6,5.0
TKT-01187,CUST-0975,2025-09-04,Cancellation,47.6,1.0
TKT-01188,CUST-0981,2025-11-07,Billing Inquiry,10.3,3.0
TKT-01189,CUST-0981,2025-08-23,Feature Request,4.2,4.0
TKT-01190,CUST-0987,2025-04-07,Account Access,9.3,5.0
TKT-01191,CUST-0987,2025-02-04,Account Access,49.0,1.0
TKT-01192,CUST-0987,2025-03-23,Technical Outage,40.2,
TKT-01193,CUST-0987,2025-02-13,Billing Inquiry,31.7,3.0
TKT-01194,CUST-0990,2025-10-15,Account Access,5.3,5.0
TKT-01195,CUST-0990,2025-04-28,Feature Request,47.3,1.0
TKT-01196,CUST-0990,2026-01-08,Billing Inquiry,3.4,4.0
TKT-01197,CUST-0992,2025-12-31,Cancellation,12.3,1.0
TKT-01198,CUST-0992,2025-08-01,Technical Outage,27.4,1.0
TKT-01199,CUST-0992,2026-01-27,Feature Request,44.9,1.0
TKT-01200,CUST-0993,2025-04-29,Billing Inquiry,1.0,5.0
TKT-01201,CUST-0993,2025-05-01,Account Access,40.7,2.0
TKT-01202,CUST-0994,2025-10-13,Billing Inquiry,17.6,5.0
TKT-01203,CUST-1000,2025-10-17,Technical Outage,21.6,4.0
TKT-01204,CUST-1000,2025-06-25,Account Access,14.1,5.0
TKT-01205,CUST-1000,2025-07-26,Account Access,18.6,
TKT-01206,CUST-1000,2025-02-12,Technical Outage,51.6,3.0
